candidate_formula,prototype_id,substitution,wyckoff_letter,central_species,neighbor_pattern,shell1_count,shell1_species,shell2_count,shell2_species,shell3_count,shell3_species,shell4_count,shell4_species
Fe7Sn6,mp-672392,Dy->Fe,j,Dy,1|1|1|1,1,Sn,4,Sn,3,Fe,4,Fe
Fe7Sn6,mp-672392,Dy->Fe,j,Fe,1|1|1|1,2,Sn,4,Fe,6,Fe,8,Fe
Fe7Sn6,mp-672392,Dy->Fe,j,Sn,1|1|1|1,2,Fe,2,Sn,1,Sn,1,Fe
Co16Si2B5,mp-16085,Nd->Co,d,Nd,1|1|3|1,2,Co,2,Co,6,"B,Co,Si",2,B
Co16Si2B5,mp-16085,Nd->Co,d,Co,1|2|1|1,4,Co,3,"Co,Si",1,Co,1,B
Co16Si2B5,mp-16085,Nd->Co,d,Si,1|1|1|1,4,Co,1,Co,2,Co,1,Nd
Co16Si2B5,mp-16085,Nd->Co,d,B,2|1|2|2,4,"B,Co",5,Co,3,"B,Co",3,"Co,Si"
AlFe19,mp-1211934,La->Fe,l,La,1|1|1|1,2,Fe,1,Fe,1,Al,1,Fe
AlFe19,mp-1211934,La->Fe,l,Al,2|1|1|2,4,"Fe,La",2,Fe,2,Fe,3,"Al,Fe"
AlFe19,mp-1211934,La->Fe,l,Fe,1|1|2|2,1,Fe,1,Fe,2,"Al,Fe",2,"Fe,La"
Mn6AlFe13,mp-1211934,La->Mn,l,La,2|1|1|1,2,"Fe,Mn",1,Mn,1,Al,1,Mn
Mn6AlFe13,mp-1211934,La->Mn,l,Mn,1|1|2|2,1,Mn,1,Mn,2,"Al,Mn",2,"La,Mn"
Mn6AlFe13,mp-1211934,La->Mn,l,Al,2|1|1|2,4,"La,Mn",2,Mn,2,Mn,3,"Al,Mn"
Mn6AlFe13,mp-1211934,La->Mn,l,Fe,2|1|2|2,3,"Fe,Mn",1,Mn,3,"Fe,Mn",3,"La,Mn"
AlCr6Fe13,mp-1211934,La->Cr,l,La,2|1|1|1,2,"Cr,Fe",1,Cr,1,Al,1,Cr
AlCr6Fe13,mp-1211934,La->Cr,l,Al,2|1|1|2,4,"Cr,La",2,Cr,2,Cr,3,"Al,Cr"
AlCr6Fe13,mp-1211934,La->Cr,l,Cr,1|1|2|2,1,Cr,1,Cr,2,"Al,Cr",2,"Cr,La"
AlCr6Fe13,mp-1211934,La->Cr,l,Fe,2|1|2|2,3,"Cr,Fe",1,Cr,3,"Cr,Fe",3,"Cr,La"
Fe19Ag,mp-1197167,Nd->Fe,l,Nd,1|1|2|1,4,Fe,4,Fe,5,"Ag,Fe",4,Fe
Fe19Ag,mp-1197167,Nd->Fe,l,Fe,1|1|2|2,1,Fe,1,Fe,2,"Ag,Fe",2,"Fe,Nd"
Fe19Ag,mp-1197167,Nd->Fe,l,Ag,2|1|1|2,4,"Fe,Nd",2,Fe,2,Fe,3,"Ag,Fe"
Fe13Co6Ag,mp-1197167,Nd->Co,l,Nd,1|1|2|1,4,Fe,4,Co,5,"Ag,Co",4,Co
Fe13Co6Ag,mp-1197167,Nd->Co,l,Fe,2|1|1|1,7,"Co,Fe",2,Co,2,Nd,1,Fe
Fe13Co6Ag,mp-1197167,Nd->Co,l,Co,1|1|2|2,1,Co,1,Co,2,"Ag,Co",2,"Co,Nd"
Fe13Co6Ag,mp-1197167,Nd->Co,l,Ag,2|1|1|2,4,"Co,Nd",2,Co,2,Co,3,"Ag,Co"
Fe13Ni6Ag,mp-1197167,Nd->Ni,l,Nd,1|1|2|1,4,Fe,4,Ni,5,"Ag,Ni",4,Ni
Fe13Ni6Ag,mp-1197167,Nd->Ni,l,Fe,2|1|1|1,7,"Fe,Ni",2,Ni,2,Nd,1,Fe
Fe13Ni6Ag,mp-1197167,Nd->Ni,l,Ni,1|1|2|2,1,Ni,1,Ni,2,"Ag,Ni",2,"Nd,Ni"
Fe13Ni6Ag,mp-1197167,Nd->Ni,l,Ag,2|1|1|2,4,"Nd,Ni",2,Ni,2,Ni,3,"Ag,Ni"
Mn6Fe13Ag,mp-1197167,Nd->Mn,l,Nd,1|1|2|1,4,Fe,4,Mn,5,"Ag,Mn",4,Mn
Mn6Fe13Ag,mp-1197167,Nd->Mn,l,Mn,1|1|2|2,1,Mn,1,Mn,2,"Ag,Mn",2,"Mn,Nd"
Mn6Fe13Ag,mp-1197167,Nd->Mn,l,Fe,2|1|1|1,7,"Fe,Mn",2,Mn,2,Nd,1,Fe
Mn6Fe13Ag,mp-1197167,Nd->Mn,l,Ag,2|1|1|2,4,"Mn,Nd",2,Mn,2,Mn,3,"Ag,Mn"
Cr6Fe13Ag,mp-1197167,Nd->Cr,l,Nd,1|1|2|1,4,Fe,4,Cr,5,"Ag,Cr",4,Cr
Cr6Fe13Ag,mp-1197167,Nd->Cr,l,Cr,1|1|2|2,1,Cr,1,Cr,2,"Ag,Cr",2,"Cr,Nd"
Cr6Fe13Ag,mp-1197167,Nd->Cr,l,Fe,2|1|1|1,7,"Cr,Fe",2,Cr,2,Nd,1,Fe
Cr6Fe13Ag,mp-1197167,Nd->Cr,l,Ag,2|1|1|2,4,"Cr,Nd",2,Cr,2,Cr,3,"Ag,Cr"
CdFe19,mp-1202421,Nd->Fe,l,Nd,1|1|2|1,4,Fe,4,Fe,5,"Cd,Fe",4,Fe
CdFe19,mp-1202421,Nd->Fe,l,Cd,2|1|1|2,4,"Fe,Nd",2,Fe,2,Fe,3,"Cd,Fe"
CdFe19,mp-1202421,Nd->Fe,l,Fe,1|1|2|2,1,Fe,1,Fe,2,"Cd,Fe",2,"Fe,Nd"
CdFe13Co6,mp-1202421,Nd->Co,l,Nd,1|1|2|1,4,Fe,4,Co,5,"Cd,Co",4,Co
CdFe13Co6,mp-1202421,Nd->Co,l,Cd,2|1|1|2,4,"Co,Nd",2,Co,2,Co,3,"Cd,Co"
CdFe13Co6,mp-1202421,Nd->Co,l,Fe,2|1|1|1,5,"Co,Fe",1,Co,1,Nd,1,Fe
CdFe13Co6,mp-1202421,Nd->Co,l,Co,1|1|2|2,1,Co,1,Co,2,"Cd,Co",2,"Co,Nd"
CdFe13Ni6,mp-1202421,Nd->Ni,l,Nd,1|1|2|1,4,Fe,4,Ni,5,"Cd,Ni",4,Ni
CdFe13Ni6,mp-1202421,Nd->Ni,l,Cd,2|1|1|2,4,"Nd,Ni",2,Ni,2,Ni,3,"Cd,Ni"
CdFe13Ni6,mp-1202421,Nd->Ni,l,Fe,2|1|1|1,5,"Fe,Ni",1,Ni,1,Nd,1,Fe
CdFe13Ni6,mp-1202421,Nd->Ni,l,Ni,1|1|2|2,1,Ni,1,Ni,2,"Cd,Ni",2,"Nd,Ni"
Mn6CdFe13,mp-1202421,Nd->Mn,l,Nd,1|1|2|1,4,Fe,4,Mn,5,"Cd,Mn",4,Mn
Mn6CdFe13,mp-1202421,Nd->Mn,l,Mn,1|1|2|2,1,Mn,1,Mn,2,"Cd,Mn",2,"Mn,Nd"
Mn6CdFe13,mp-1202421,Nd->Mn,l,Cd,2|1|1|2,4,"Mn,Nd",2,Mn,2,Mn,3,"Cd,Mn"
Mn6CdFe13,mp-1202421,Nd->Mn,l,Fe,2|1|1|1,5,"Fe,Mn",1,Mn,1,Nd,1,Fe
Cr6CdFe13,mp-1202421,Nd->Cr,l,Nd,1|1|2|1,4,Fe,4,Cr,5,"Cd,Cr",4,Cr
Cr6CdFe13,mp-1202421,Nd->Cr,l,Cr,1|1|2|2,1,Cr,1,Cr,2,"Cd,Cr",2,"Cr,Nd"
Cr6CdFe13,mp-1202421,Nd->Cr,l,Cd,2|1|1|2,4,"Cr,Nd",2,Cr,2,Cr,3,"Cd,Cr"
Cr6CdFe13,mp-1202421,Nd->Cr,l,Fe,2|1|1|1,5,"Cr,Fe",1,Cr,1,Nd,1,Fe
Fe19Hg,mp-1201588,Nd->Fe,l,Nd,1|1|2|1,4,Fe,4,Fe,5,"Fe,Hg",4,Fe
Fe19Hg,mp-1201588,Nd->Fe,l,Fe,1|1|2|2,1,Fe,1,Fe,2,"Fe,Hg",2,"Fe,Nd"
Fe19Hg,mp-1201588,Nd->Fe,l,Hg,2|1|1|2,4,"Fe,Nd",2,Fe,2,Fe,3,"Fe,Hg"
Fe13Co6Hg,mp-1201588,Nd->Co,l,Nd,1|1|2|1,4,Fe,4,Co,5,"Co,Hg",4,Co
Fe13Co6Hg,mp-1201588,Nd->Co,l,Fe,2|1|1|1,5,"Co,Fe",1,Co,1,Nd,1,Fe
Fe13Co6Hg,mp-1201588,Nd->Co,l,Co,1|1|2|2,1,Co,1,Co,2,"Co,Hg",2,"Co,Nd"
Fe13Co6Hg,mp-1201588,Nd->Co,l,Hg,2|1|1|2,4,"Co,Nd",2,Co,2,Co,3,"Co,Hg"
Fe13Ni6Hg,mp-1201588,Nd->Ni,l,Nd,1|1|2|1,4,Fe,4,Ni,5,"Hg,Ni",4,Ni
Fe13Ni6Hg,mp-1201588,Nd->Ni,l,Fe,2|1|1|1,5,"Fe,Ni",1,Ni,1,Nd,1,Fe
Fe13Ni6Hg,mp-1201588,Nd->Ni,l,Ni,1|1|2|2,1,Ni,1,Ni,2,"Hg,Ni",2,"Nd,Ni"
Fe13Ni6Hg,mp-1201588,Nd->Ni,l,Hg,2|1|1|2,4,"Nd,Ni",2,Ni,2,Ni,3,"Hg,Ni"
Mn6Fe13Hg,mp-1201588,Nd->Mn,l,Nd,1|1|2|1,4,Fe,4,Mn,5,"Hg,Mn",4,Mn
Mn6Fe13Hg,mp-1201588,Nd->Mn,l,Mn,1|1|2|2,1,Mn,1,Mn,2,"Hg,Mn",2,"Mn,Nd"
Mn6Fe13Hg,mp-1201588,Nd->Mn,l,Fe,2|1|1|1,5,"Fe,Mn",1,Mn,1,Nd,1,Fe
Mn6Fe13Hg,mp-1201588,Nd->Mn,l,Hg,2|1|1|2,4,"Mn,Nd",2,Mn,2,Mn,3,"Hg,Mn"
Cr6Fe13Hg,mp-1201588,Nd->Cr,l,Nd,1|1|2|1,4,Fe,4,Cr,5,"Cr,Hg",4,Cr
Cr6Fe13Hg,mp-1201588,Nd->Cr,l,Cr,1|1|2|2,1,Cr,1,Cr,2,"Cr,Hg",2,"Cr,Nd"
Cr6Fe13Hg,mp-1201588,Nd->Cr,l,Fe,2|1|1|1,5,"Cr,Fe",1,Cr,1,Nd,1,Fe
Cr6Fe13Hg,mp-1201588,Nd->Cr,l,Hg,2|1|1|2,4,"Cr,Nd",2,Cr,2,Cr,3,"Cr,Hg"
Fe19Si,mp-5932,Nd->Fe,l,Nd,1|2|1|1,8,Fe,5,"Fe,Si",4,Fe,2,Fe
Fe19Si,mp-5932,Nd->Fe,l,Fe,1|1|2|1,1,Fe,1,Fe,3,"Fe,Si",1,Nd
Fe19Si,mp-5932,Nd->Fe,l,Si,2|1|1|1,10,"Fe,Nd",8,Fe,8,Fe,1,Si
Fe19Au,mp-1203126,Nd->Fe,l,Nd,1|1|1|1,4,Fe,8,Fe,1,Au,4,Fe
Fe19Au,mp-1203126,Nd->Fe,l,Fe,1|1|2|2,1,Fe,1,Fe,2,"Au,Fe",2,"Fe,Nd"
Fe19Au,mp-1203126,Nd->Fe,l,Au,2|1|1|2,4,"Fe,Nd",2,Fe,2,Fe,3,"Au,Fe"
Fe13Co6Au,mp-1203126,Nd->Co,l,Nd,1|1|1|1,4,Fe,8,Co,1,Au,4,Co
Fe13Co6Au,mp-1203126,Nd->Co,l,Fe,2|1|1|1,5,"Co,Fe",1,Co,1,Nd,1,Fe
Fe13Co6Au,mp-1203126,Nd->Co,l,Co,1|1|2|2,1,Co,1,Co,2,"Au,Co",2,"Co,Nd"
Fe13Co6Au,mp-1203126,Nd->Co,l,Au,2|1|1|2,4,"Co,Nd",2,Co,2,Co,3,"Au,Co"
Fe13Ni6Au,mp-1203126,Nd->Ni,l,Nd,1|1|1|1,4,Fe,8,Ni,1,Au,4,Ni
Fe13Ni6Au,mp-1203126,Nd->Ni,l,Fe,2|1|1|1,5,"Fe,Ni",1,Ni,1,Nd,1,Fe
Fe13Ni6Au,mp-1203126,Nd->Ni,l,Ni,1|1|2|2,1,Ni,1,Ni,2,"Au,Ni",2,"Nd,Ni"
Fe13Ni6Au,mp-1203126,Nd->Ni,l,Au,2|1|1|2,4,"Nd,Ni",2,Ni,2,Ni,3,"Au,Ni"
Mn6Fe13Au,mp-1203126,Nd->Mn,l,Nd,1|1|1|1,4,Fe,8,Mn,1,Au,4,Mn
Mn6Fe13Au,mp-1203126,Nd->Mn,l,Mn,1|1|2|2,1,Mn,1,Mn,2,"Au,Mn",2,"Mn,Nd"
Mn6Fe13Au,mp-1203126,Nd->Mn,l,Fe,2|1|1|1,5,"Fe,Mn",1,Mn,1,Nd,1,Fe
Mn6Fe13Au,mp-1203126,Nd->Mn,l,Au,2|1|1|2,4,"Mn,Nd",2,Mn,2,Mn,3,"Au,Mn"
Cr6Fe13Au,mp-1203126,Nd->Cr,l,Nd,1|1|1|1,4,Fe,8,Cr,1,Au,4,Cr
Cr6Fe13Au,mp-1203126,Nd->Cr,l,Cr,1|1|2|2,1,Cr,1,Cr,2,"Au,Cr",2,"Cr,Nd"
Cr6Fe13Au,mp-1203126,Nd->Cr,l,Fe,2|1|1|1,5,"Cr,Fe",1,Cr,1,Nd,1,Fe
Cr6Fe13Au,mp-1203126,Nd->Cr,l,Au,2|1|1|2,4,"Cr,Nd",2,Cr,2,Cr,3,"Au,Cr"
ZnFe19,mp-1196648,Nd->Fe,l,Nd,1|2|1|1,4,Fe,9,"Fe,Zn",4,Fe,2,Fe
ZnFe19,mp-1196648,Nd->Fe,l,Zn,2|1|1|2,4,"Fe,Nd",2,Fe,2,Fe,3,"Fe,Zn"
ZnFe19,mp-1196648,Nd->Fe,l,Fe,1|1|2|2,1,Fe,1,Fe,2,"Fe,Zn",2,"Fe,Nd"
ZnFe13Co6,mp-1196648,Nd->Co,l,Nd,1|2|1|1,4,Fe,9,"Co,Zn",4,Co,2,Fe
ZnFe13Co6,mp-1196648,Nd->Co,l,Zn,2|1|1|2,4,"Co,Nd",2,Co,2,Co,3,"Co,Zn"
ZnFe13Co6,mp-1196648,Nd->Co,l,Fe,2|1|1|1,5,"Co,Fe",1,Co,1,Nd,1,Fe
ZnFe13Co6,mp-1196648,Nd->Co,l,Co,1|1|2|2,1,Co,1,Co,2,"Co,Zn",2,"Co,Nd"
ZnFe13Ni6,mp-1196648,Nd->Ni,l,Nd,1|2|1|1,4,Fe,9,"Ni,Zn",4,Ni,2,Fe
ZnFe13Ni6,mp-1196648,Nd->Ni,l,Zn,2|1|1|2,4,"Nd,Ni",2,Ni,2,Ni,3,"Ni,Zn"
ZnFe13Ni6,mp-1196648,Nd->Ni,l,Fe,2|1|1|1,5,"Fe,Ni",1,Ni,1,Nd,1,Fe
ZnFe13Ni6,mp-1196648,Nd->Ni,l,Ni,1|1|2|2,1,Ni,1,Ni,2,"Ni,Zn",2,"Nd,Ni"
Mn6ZnFe13,mp-1196648,Nd->Mn,l,Nd,1|2|1|1,4,Fe,9,"Mn,Zn",4,Mn,2,Fe
Mn6ZnFe13,mp-1196648,Nd->Mn,l,Mn,1|1|2|2,1,Mn,1,Mn,2,"Mn,Zn",2,"Mn,Nd"
Mn6ZnFe13,mp-1196648,Nd->Mn,l,Zn,2|1|1|2,4,"Mn,Nd",2,Mn,2,Mn,3,"Mn,Zn"
Mn6ZnFe13,mp-1196648,Nd->Mn,l,Fe,2|1|1|1,5,"Fe,Mn",1,Mn,1,Nd,1,Fe
ZnCr6Fe13,mp-1196648,Nd->Cr,l,Nd,1|2|1|1,4,Fe,9,"Cr,Zn",4,Cr,2,Fe
ZnCr6Fe13,mp-1196648,Nd->Cr,l,Zn,2|1|1|2,4,"Cr,Nd",2,Cr,2,Cr,3,"Cr,Zn"
ZnCr6Fe13,mp-1196648,Nd->Cr,l,Cr,1|1|2|2,1,Cr,1,Cr,2,"Cr,Zn",2,"Cr,Nd"
ZnCr6Fe13,mp-1196648,Nd->Cr,l,Fe,2|1|1|1,5,"Cr,Fe",1,Cr,1,Nd,1,Fe
Fe13Co6Cu,mp-1197841,Pr->Co,l,Pr,2|2|1|1,8,"Co,Fe",5,"Co,Cu",4,Co,2,Fe
Fe13Co6Cu,mp-1197841,Pr->Co,l,Fe,2|1|1|1,5,"Co,Fe",1,Co,1,Pr,1,Fe
Fe13Co6Cu,mp-1197841,Pr->Co,l,Co,1|1|2|2,1,Co,1,Co,2,"Co,Cu",2,"Co,Pr"
Fe13Co6Cu,mp-1197841,Pr->Co,l,Cu,1|1|1|1,2,Pr,2,Co,2,Co,2,Co
Fe13CuNi6,mp-1197841,Pr->Ni,l,Pr,2|2|1|1,8,"Fe,Ni",5,"Cu,Ni",4,Ni,2,Fe
Fe13CuNi6,mp-1197841,Pr->Ni,l,Fe,2|1|1|1,5,"Fe,Ni",1,Ni,1,Pr,1,Fe
Fe13CuNi6,mp-1197841,Pr->Ni,l,Cu,1|1|1|1,2,Pr,2,Ni,2,Ni,2,Ni
Fe13CuNi6,mp-1197841,Pr->Ni,l,Ni,1|1|2|2,1,Ni,1,Ni,2,"Cu,Ni",2,"Ni,Pr"
Mn6Fe13Cu,mp-1197841,Pr->Mn,l,Pr,2|2|1|1,8,"Fe,Mn",5,"Cu,Mn",4,Mn,2,Fe
Mn6Fe13Cu,mp-1197841,Pr->Mn,l,Mn,1|1|2|2,1,Mn,1,Mn,2,"Cu,Mn",2,"Mn,Pr"
Mn6Fe13Cu,mp-1197841,Pr->Mn,l,Fe,2|1|1|1,5,"Fe,Mn",1,Mn,1,Pr,1,Fe
Mn6Fe13Cu,mp-1197841,Pr->Mn,l,Cu,1|1|1|1,2,Pr,2,Mn,2,Mn,2,Mn
Cr6Fe13Cu,mp-1197841,Pr->Cr,l,Pr,2|2|1|1,8,"Cr,Fe",5,"Cr,Cu",4,Cr,2,Fe
Cr6Fe13Cu,mp-1197841,Pr->Cr,l,Cr,1|1|2|2,1,Cr,1,Cr,2,"Cr,Cu",2,"Cr,Pr"
Cr6Fe13Cu,mp-1197841,Pr->Cr,l,Fe,2|1|1|1,5,"Cr,Fe",1,Cr,1,Pr,1,Fe
Cr6Fe13Cu,mp-1197841,Pr->Cr,l,Cu,1|1|1|1,2,Pr,2,Cr,2,Cr,2,Cr
Fe4Ir,mp-623108,Eu->Fe,h,Fe,1|1|1|1,1,Ir,1,Fe,4,Fe,1,Fe
Fe4Ir,mp-623108,Eu->Fe,h,Ir,1|1|1|1,2,Fe,2,Fe,1,Ir,2,Fe
Co4Ir,mp-623108,Eu->Co,h,Co,1|1|1|1,1,Ir,1,Co,4,Co,1,Co
Co4Ir,mp-623108,Eu->Co,h,Ir,1|1|1|1,2,Co,2,Co,1,Ir,2,Co
Ni4Ir,mp-623108,Eu->Ni,h,Ni,1|1|1|1,1,Ir,1,Ni,4,Ni,1,Ni
Ni4Ir,mp-623108,Eu->Ni,h,Ir,1|1|1|1,2,Ni,2,Ni,1,Ir,2,Ni
Mn4Ir,mp-623108,Eu->Mn,h,Mn,1|1|1|1,1,Ir,1,Mn,4,Mn,1,Mn
Mn4Ir,mp-623108,Eu->Mn,h,Ir,1|1|1|1,2,Mn,2,Mn,1,Ir,2,Mn
Cr4Ir,mp-623108,Eu->Cr,h,Cr,1|1|1|1,1,Ir,1,Cr,4,Cr,1,Cr
Cr4Ir,mp-623108,Eu->Cr,h,Ir,1|1|1|1,2,Cr,2,Cr,1,Ir,2,Cr
Fe3Pd2,mp-1105286,Eu->Fe,b,Eu,1|1|1|1,3,Pd,3,Pd,1,Fe,1,Eu
Fe3Pd2,mp-1105286,Eu->Fe,b,Fe,1|1|1|1,6,Pd,1,Eu,4,Eu,3,Pd
Fe3Pd2,mp-1105286,Eu->Fe,b,Pd,1|2|1|1,1,Pd,3,"Eu,Fe",3,Pd,2,Pd
Co3Pd2,mp-1105286,Eu->Co,b,Eu,1|1|1|1,3,Pd,3,Pd,1,Co,1,Eu
Co3Pd2,mp-1105286,Eu->Co,b,Co,1|1|1|1,6,Pd,1,Eu,4,Eu,3,Pd
Co3Pd2,mp-1105286,Eu->Co,b,Pd,1|2|1|1,1,Pd,3,"Co,Eu",3,Pd,2,Pd
Ni3Pd2,mp-1105286,Eu->Ni,b,Eu,1|1|1|1,3,Pd,3,Pd,1,Ni,1,Eu
Ni3Pd2,mp-1105286,Eu->Ni,b,Ni,1|1|1|1,6,Pd,1,Eu,4,Eu,3,Pd
Ni3Pd2,mp-1105286,Eu->Ni,b,Pd,1|2|1|1,1,Pd,3,"Eu,Ni",3,Pd,2,Pd
Mn3Pd2,mp-1105286,Eu->Mn,b,Eu,1|1|1|1,3,Pd,3,Pd,1,Mn,1,Eu
Mn3Pd2,mp-1105286,Eu->Mn,b,Mn,1|1|1|1,6,Pd,1,Eu,4,Eu,3,Pd
Mn3Pd2,mp-1105286,Eu->Mn,b,Pd,1|2|1|1,1,Pd,3,"Eu,Mn",3,Pd,2,Pd
Cr3Pd2,mp-1105286,Eu->Cr,b,Eu,1|1|1|1,3,Pd,3,Pd,1,Cr,1,Eu
Cr3Pd2,mp-1105286,Eu->Cr,b,Cr,1|1|1|1,6,Pd,1,Eu,4,Eu,3,Pd
Cr3Pd2,mp-1105286,Eu->Cr,b,Pd,1|2|1|1,1,Pd,3,"Cr,Eu",3,Pd,2,Pd
Fe3Pt2,mp-1104698,Eu->Fe,a,Eu,1|1|1|1,1,Pt,3,Pt,1,Fe,1,Eu
Fe3Pt2,mp-1104698,Eu->Fe,a,Fe,1|1|1|1,1,Pt,1,Eu,1,Eu,1,Pt
Fe3Pt2,mp-1104698,Eu->Fe,a,Pt,2|2|1|1,2,"Eu,Pt",3,"Eu,Fe",3,Pt,2,Pt
Mn3Pt2,mp-1104698,Eu->Mn,a,Eu,1|1|1|1,1,Pt,3,Pt,1,Mn,1,Eu
Mn3Pt2,mp-1104698,Eu->Mn,a,Mn,1|1|1|1,1,Pt,1,Eu,1,Eu,1,Pt
Mn3Pt2,mp-1104698,Eu->Mn,a,Pt,2|2|1|1,2,"Eu,Pt",3,"Eu,Mn",3,Pt,2,Pt
Cr3Pt2,mp-1104698,Eu->Cr,a,Eu,1|1|1|1,1,Pt,3,Pt,1,Cr,1,Eu
Cr3Pt2,mp-1104698,Eu->Cr,a,Cr,1|1|1|1,1,Pt,1,Eu,1,Eu,1,Pt
Cr3Pt2,mp-1104698,Eu->Cr,a,Pt,2|2|1|1,2,"Eu,Pt",3,"Cr,Eu",3,Pt,2,Pt
Fe7Au3,mp-1106137,Eu->Fe,b,Eu,1|2|1|1,2,Au,3,"Eu,Fe",3,Eu,3,Au
Fe7Au3,mp-1106137,Eu->Fe,b,Fe,1|1|1|2,3,Au,1,Eu,6,Eu,4,"Au,Eu"
Fe7Au3,mp-1106137,Eu->Fe,b,Au,1|1|1|1,3,Eu,1,Eu,2,Au,1,Au
Mn7Au3,mp-1106137,Eu->Mn,b,Eu,1|2|1|1,2,Au,3,"Eu,Mn",3,Eu,3,Au
Mn7Au3,mp-1106137,Eu->Mn,b,Mn,1|1|1|2,3,Au,1,Eu,6,Eu,4,"Au,Eu"
Mn7Au3,mp-1106137,Eu->Mn,b,Au,1|1|1|1,3,Eu,1,Eu,2,Au,1,Au
Cr7Au3,mp-1106137,Eu->Cr,b,Eu,1|2|1|1,2,Au,3,"Cr,Eu",3,Eu,3,Au
Cr7Au3,mp-1106137,Eu->Cr,b,Cr,1|1|1|2,3,Au,1,Eu,6,Eu,4,"Au,Eu"
Cr7Au3,mp-1106137,Eu->Cr,b,Au,1|1|1|1,3,Eu,1,Eu,2,Au,1,Au
Fe2Co17,mp-569638,Dy->Fe,d,Dy,1|1|1|1,4,Co,1,Co,1,Dy,6,Co
Fe2Co17,mp-569638,Dy->Fe,d,Fe,1|1|1|2,1,Co,8,Co,2,Co,9,"Co,Dy"
Fe2Co17,mp-569638,Dy->Fe,d,Co,1|1|1|1,1,Co,2,Co,2,Co,2,Co
Mn2Co17,mp-569638,Dy->Mn,d,Dy,1|1|1|1,4,Co,1,Co,1,Dy,6,Co
Mn2Co17,mp-569638,Dy->Mn,d,Mn,1|1|1|2,1,Co,8,Co,2,Co,9,"Co,Dy"
Mn2Co17,mp-569638,Dy->Mn,d,Co,1|1|1|1,1,Co,2,Co,2,Co,2,Co
Cr2Co17,mp-569638,Dy->Cr,d,Dy,1|1|1|1,4,Co,1,Co,1,Dy,6,Co
Cr2Co17,mp-569638,Dy->Cr,d,Cr,1|1|1|2,1,Co,8,Co,2,Co,9,"Co,Dy"
Cr2Co17,mp-569638,Dy->Cr,d,Co,1|1|1|1,1,Co,2,Co,2,Co,2,Co
Al2Fe17,mp-1196052,Dy->Fe,b,Dy,2|1|1|1,3,"Al,Fe",8,Fe,2,Fe,7,Fe
Al2Fe17,mp-1196052,Dy->Fe,b,Al,2|1|1|1,6,"Al,Fe",6,Fe,1,Dy,4,Fe
Al2Fe17,mp-1196052,Dy->Fe,b,Fe,1|1|1|1,2,Fe,2,Fe,1,Fe,1,Fe
Nb2Fe17,mp-1197659,Dy->Fe,b,Dy,2|1|1|1,3,"Fe,Nb",8,Fe,2,Fe,7,Fe
Nb2Fe17,mp-1197659,Dy->Fe,b,Nb,2|1|2|1,3,"Fe,Nb",3,Fe,7,"Dy,Fe",4,Fe
Nb2Fe17,mp-1197659,Dy->Fe,b,Fe,1|1|1|1,2,Fe,2,Fe,1,Fe,1,Fe
Al3Fe16,mp-1199551,Er->Fe,b,Er,1|2|1|1,3,Fe,8,"Al,Fe",2,Fe,7,Fe
Al3Fe16,mp-1199551,Er->Fe,b,Al,1|1|1|2,4,Fe,1,Fe,1,Er,4,"Al,Fe"
Al3Fe16,mp-1199551,Er->Fe,b,Fe,1|1|1|1,2,Fe,2,Fe,1,Fe,1,Fe
Fe16Si3,mp-1204517,Er->Fe,b,Er,1|2|1|1,3,Fe,8,"Fe,Si",2,Fe,7,Fe
Fe16Si3,mp-1204517,Er->Fe,b,Fe,1|1|1|1,2,Fe,2,Fe,1,Fe,1,Fe
Fe16Si3,mp-1204517,Er->Fe,b,Si,1|1|1|2,8,Fe,2,Fe,2,Er,7,"Fe,Si"
Ga2Fe17,mp-1203778,Tm->Fe,b,Tm,2|1|1|1,3,"Fe,Ga",10,Fe,2,Fe,7,Fe
Ga2Fe17,mp-1203778,Tm->Fe,b,Ga,2|1|2|1,3,"Fe,Ga",3,Fe,7,"Fe,Tm",2,Fe
Ga2Fe17,mp-1203778,Tm->Fe,b,Fe,1|1|1|1,2,Fe,2,Fe,1,Fe,1,Fe
Fe17Si2,mp-1200417,Tm->Fe,b,Tm,2|1|1|1,3,"Fe,Si",8,Fe,2,Fe,7,Fe
Fe17Si2,mp-1200417,Tm->Fe,b,Fe,1|1|1|1,2,Fe,2,Fe,1,Fe,1,Fe
Fe17Si2,mp-1200417,Tm->Fe,b,Si,2|1|1|1,3,"Fe,Si",3,Fe,6,Fe,1,Tm
Co18Pb,mp-1213266,Gd->Co,g,Co,1|1|2|1,1,Co,2,Co,6,"Co,Pb",5,Co
Co18Pb,mp-1213266,Gd->Co,g,Pb,1|1|1|1,3,Co,3,Co,3,Co,3,Co
Fe23Co6,mp-1194186,Dy->Co,e,Fe,1|1|1|1,1,Fe,3,Co,3,Fe,3,Fe
Fe23Co6,mp-1194186,Dy->Co,e,Co,1|1|2|1,1,Fe,3,Fe,3,"Co,Fe",2,Fe
Fe23Ni6,mp-1194186,Dy->Ni,e,Fe,1|1|1|1,1,Fe,3,Ni,3,Fe,3,Fe
Fe23Ni6,mp-1194186,Dy->Ni,e,Ni,1|1|2|1,1,Fe,3,Fe,3,"Fe,Ni",2,Fe
Mn6Fe23,mp-1194186,Dy->Mn,e,Mn,1|1|2|1,1,Fe,3,Fe,3,"Fe,Mn",2,Fe
Mn6Fe23,mp-1194186,Dy->Mn,e,Fe,1|1|1|1,1,Fe,3,Mn,3,Fe,3,Fe
Cr6Fe23,mp-1194186,Dy->Cr,e,Cr,1|1|2|1,1,Fe,3,Fe,3,"Cr,Fe",2,Fe
Cr6Fe23,mp-1194186,Dy->Cr,e,Fe,1|1|1|1,1,Fe,3,Cr,3,Fe,3,Fe
AlFe4,mp-1213330,Eu->Fe,e,Al,1|1|1|1,1,Fe,3,Fe,1,Al,3,Fe
AlFe4,mp-1213330,Eu->Fe,e,Fe,1|1|1|1,1,Al,1,Fe,4,Fe,3,Fe
AlCo4,mp-1213330,Eu->Co,e,Al,1|1|1|1,1,Co,3,Co,1,Al,3,Co
AlCo4,mp-1213330,Eu->Co,e,Co,1|1|1|1,1,Al,1,Co,4,Co,3,Co
AlNi4,mp-1213330,Eu->Ni,e,Al,1|1|1|1,1,Ni,3,Ni,1,Al,3,Ni
AlNi4,mp-1213330,Eu->Ni,e,Ni,1|1|1|1,1,Al,1,Ni,4,Ni,3,Ni
Mn4Al,mp-1213330,Eu->Mn,e,Mn,1|1|1|1,1,Al,1,Mn,4,Mn,3,Mn
Mn4Al,mp-1213330,Eu->Mn,e,Al,1|1|1|1,1,Mn,3,Mn,1,Al,3,Mn
AlCr4,mp-1213330,Eu->Cr,e,Al,1|1|1|1,1,Cr,3,Cr,1,Al,3,Cr
AlCr4,mp-1213330,Eu->Cr,e,Cr,1|1|1|1,1,Al,1,Cr,4,Cr,3,Cr
Fe4Pd,mp-1213373,Eu->Fe,e,Fe,1|1|1|1,3,Fe,4,Fe,1,Fe,2,Pd
Fe4Pd,mp-1213373,Eu->Fe,e,Pd,1|1|1|1,4,Fe,6,Fe,4,Pd,3,Fe
Co4Pd,mp-1213373,Eu->Co,e,Co,1|1|1|1,3,Co,4,Co,1,Co,2,Pd
Co4Pd,mp-1213373,Eu->Co,e,Pd,1|1|1|1,4,Co,6,Co,4,Pd,3,Co
Ni4Pd,mp-1213373,Eu->Ni,e,Ni,1|1|1|1,3,Ni,4,Ni,1,Ni,2,Pd
Ni4Pd,mp-1213373,Eu->Ni,e,Pd,1|1|1|1,4,Ni,6,Ni,4,Pd,3,Ni
Mn4Pd,mp-1213373,Eu->Mn,e,Mn,1|1|1|1,3,Mn,4,Mn,1,Mn,2,Pd
Mn4Pd,mp-1213373,Eu->Mn,e,Pd,1|1|1|1,4,Mn,6,Mn,4,Pd,3,Mn
Cr4Pd,mp-1213373,Eu->Cr,e,Cr,1|1|1|1,3,Cr,4,Cr,1,Cr,2,Pd
Cr4Pd,mp-1213373,Eu->Cr,e,Pd,1|1|1|1,4,Cr,6,Cr,4,Pd,3,Cr
Fe4Pt,mp-1213212,Eu->Fe,e,Fe,1|1|1|1,3,Fe,4,Fe,1,Fe,2,Pt
Fe4Pt,mp-1213212,Eu->Fe,e,Pt,1|1|1|1,4,Fe,6,Fe,4,Pt,3,Fe
Co4Pt,mp-1213212,Eu->Co,e,Co,1|1|1|1,3,Co,4,Co,1,Co,2,Pt
Co4Pt,mp-1213212,Eu->Co,e,Pt,1|1|1|1,4,Co,6,Co,4,Pt,3,Co
Ni4Pt,mp-1213212,Eu->Ni,e,Ni,1|1|1|1,3,Ni,4,Ni,1,Ni,2,Pt
Ni4Pt,mp-1213212,Eu->Ni,e,Pt,1|1|1|1,4,Ni,6,Ni,4,Pt,3,Ni
Mn4Pt,mp-1213212,Eu->Mn,e,Mn,1|1|1|1,3,Mn,4,Mn,1,Mn,2,Pt
Mn4Pt,mp-1213212,Eu->Mn,e,Pt,1|1|1|1,4,Mn,6,Mn,4,Pt,3,Mn
Cr4Pt,mp-1213212,Eu->Cr,e,Cr,1|1|1|1,3,Cr,4,Cr,1,Cr,2,Pt
Cr4Pt,mp-1213212,Eu->Cr,e,Pt,1|1|1|1,4,Cr,6,Cr,4,Pt,3,Cr
Fe76C3,mp-1225150,Ho->Fe,a,Ho,1|1|2|1,5,Fe,4,Fe,10,"Fe,Ho",4,Fe
Fe76C3,mp-1225150,Ho->Fe,a,Fe,1|1|1|1,2,Fe,6,Fe,2,Fe,9,Fe
Fe76C3,mp-1225150,Ho->Fe,a,C,1|1|1|1,3,Fe,4,Fe,1,Fe,3,Fe
Mn3Fe29,mp-1198423,Ho->Mn,a,Ho,1|1|1|1,11,Fe,5,Fe,3,Fe,1,Ho
Mn3Fe29,mp-1198423,Ho->Mn,a,Mn,1|1|1|1,2,Fe,2,Fe,1,Fe,3,Fe
Mn3Fe29,mp-1198423,Ho->Mn,a,Fe,1|1|1|1,4,Fe,1,Fe,1,Ho,2,Fe
Cr3Fe29,mp-1198423,Ho->Cr,a,Ho,1|1|1|1,11,Fe,5,Fe,3,Fe,1,Ho
Cr3Fe29,mp-1198423,Ho->Cr,a,Cr,1|1|1|1,2,Fe,2,Fe,1,Fe,3,Fe
Cr3Fe29,mp-1198423,Ho->Cr,a,Fe,1|1|1|1,4,Fe,1,Fe,1,Ho,2,Fe
Fe2Cu,mp-1102243,Eu->Fe,c,Fe,1|1|1|1,1,Fe,2,Fe,1,Fe,1,Fe
Mn2Cu,mp-1102243,Eu->Mn,c,Mn,1|1|1|1,1,Mn,2,Mn,1,Mn,1,Mn
Cr2Cu,mp-1102243,Eu->Cr,c,Cr,1|1|1|1,1,Cr,2,Cr,1,Cr,1,Cr
Fe3Au,mp-1189094,Eu->Fe,e,Fe,1|1|1|1,1,Fe,1,Fe,3,Fe,1,Fe
Mn3Au,mp-1189094,Eu->Mn,e,Mn,1|1|1|1,1,Mn,1,Mn,3,Mn,1,Mn
Cr3Au,mp-1189094,Eu->Cr,e,Cr,1|1|1|1,1,Cr,1,Cr,3,Cr,1,Cr
Fe3Rh,mp-1189512,Eu->Fe,d,Eu,1|1|1|2,1,Rh,4,Fe,2,Fe,2,"Eu,Rh"
Fe3Rh,mp-1189512,Eu->Fe,d,Fe,1|1|1|1,1,Rh,1,Rh,1,Fe,1,Eu
Fe3Rh,mp-1189512,Eu->Fe,d,Rh,1|1|1|1,1,Eu,2,Fe,1,Fe,1,Rh
Co3Rh,mp-1189512,Eu->Co,d,Eu,1|1|1|2,1,Rh,4,Co,2,Co,2,"Eu,Rh"
Co3Rh,mp-1189512,Eu->Co,d,Co,1|1|1|1,1,Rh,1,Rh,1,Co,1,Eu
Co3Rh,mp-1189512,Eu->Co,d,Rh,1|1|1|1,1,Eu,2,Co,1,Co,1,Rh
Ni3Rh,mp-1189512,Eu->Ni,d,Eu,1|1|1|2,1,Rh,4,Ni,2,Ni,2,"Eu,Rh"
Ni3Rh,mp-1189512,Eu->Ni,d,Ni,1|1|1|1,1,Rh,1,Rh,1,Ni,1,Eu
Ni3Rh,mp-1189512,Eu->Ni,d,Rh,1|1|1|1,1,Eu,2,Ni,1,Ni,1,Rh
Mn3Rh,mp-1189512,Eu->Mn,d,Eu,1|1|1|2,1,Rh,4,Mn,2,Mn,2,"Eu,Rh"
Mn3Rh,mp-1189512,Eu->Mn,d,Mn,1|1|1|1,1,Rh,1,Rh,1,Mn,1,Eu
Mn3Rh,mp-1189512,Eu->Mn,d,Rh,1|1|1|1,1,Eu,2,Mn,1,Mn,1,Rh
Cr3Rh,mp-1189512,Eu->Cr,d,Eu,1|1|1|2,1,Rh,4,Cr,2,Cr,2,"Eu,Rh"
Cr3Rh,mp-1189512,Eu->Cr,d,Cr,1|1|1|1,1,Rh,1,Rh,1,Cr,1,Eu
Cr3Rh,mp-1189512,Eu->Cr,d,Rh,1|1|1|1,1,Eu,2,Cr,1,Cr,1,Rh
