candidate_formula,prototype_id,substitution,w_letter,group_size,max_mismatch,status,generated_cif,n_neighbor_checks
Fe5As4,mp-1106198,Eu->Fe,g,8,0.26531694313751514,rejected_radiusmatch_high,,48
Co5As4,mp-1106198,Eu->Co,g,8,0.2906232820002653,rejected_radiusmatch_high,,48
Ni5As4,mp-1106198,Eu->Ni,g,8,0.2906232820002653,rejected_radiusmatch_high,,48
Mn5As4,mp-1106198,Eu->Mn,g,8,0.26531694313751514,rejected_radiusmatch_high,,48
Cr5As4,mp-1106198,Eu->Cr,g,8,0.26531694313751514,rejected_radiusmatch_high,,48
Fe7Sn6,mp-672392,Dy->Fe,j,12,0.09787067056432668,accepted_radiusmatch_ok,outputs/wyckoff_from_candidates_radius_mismatch_recheck\Fe7Sn6__from_mp-672392__DytoFe__radiusmatch_ok.cif,76
Fe32BC,mp-1226156,Dy->Fe,j,2,0.4536454839985857,rejected_radiusmatch_high,,36
K10Fe22F79,mp-1213565,Gd->Fe,l,32,0.5054838888191417,rejected_radiusmatch_high,,172
K10Co22F79,mp-1213565,Gd->Co,l,32,0.5461726425710103,rejected_radiusmatch_high,,172
K10Ni22F79,mp-1213565,Gd->Ni,l,32,0.5461726425710103,rejected_radiusmatch_high,,172
K10Mn22F79,mp-1213565,Gd->Mn,l,32,0.5054838888191417,rejected_radiusmatch_high,,172
K10Cr22F79,mp-1213565,Gd->Cr,l,32,0.5054838888191417,rejected_radiusmatch_high,,172
FeBr2,mp-23311,Eu->Fe,c,2,0.23399545748278439,rejected_radiusmatch_high,,16
CoBr2,mp-23311,Eu->Co,c,2,0.25867536663244,rejected_radiusmatch_high,,16
NiBr2,mp-23311,Eu->Ni,c,2,0.25867536663244,rejected_radiusmatch_high,,16
MnBr2,mp-23311,Eu->Mn,c,2,0.23399545748278439,rejected_radiusmatch_high,,16
CrBr2,mp-23311,Eu->Cr,c,2,0.23399545748278439,rejected_radiusmatch_high,,16
Fe2Au5F21,mp-557726,Gd->Fe,b,104,0.29751646473635573,rejected_radiusmatch_high,,200
Co2Au5F21,mp-557726,Gd->Co,b,104,0.3109656383061963,rejected_radiusmatch_high,,200
Ni2Au5F21,mp-557726,Gd->Ni,b,104,0.3109656383061963,rejected_radiusmatch_high,,200
Mn2Au5F21,mp-557726,Gd->Mn,b,104,0.29751646473635573,rejected_radiusmatch_high,,200
Cr2Au5F21,mp-557726,Gd->Cr,b,104,0.29751646473635573,rejected_radiusmatch_high,,200
Al3Fe17,mp-1219263,Sm->Fe,c,24,0.27412138013688403,rejected_radiusmatch_high,,164
Fe2S3,mp-684712,Gd->Fe,c,4,0.2534719782060604,rejected_radiusmatch_high,,32
Co2S3,mp-684712,Gd->Co,c,4,0.280141594763636,rejected_radiusmatch_high,,32
Ni2S3,mp-684712,Gd->Ni,c,4,0.280141594763636,rejected_radiusmatch_high,,32
Mn2S3,mp-684712,Gd->Mn,c,4,0.2534719782060604,rejected_radiusmatch_high,,32
Cr2S3,mp-684712,Gd->Cr,c,4,0.2534719782060604,rejected_radiusmatch_high,,32
Ga21Co13,mp-1200816,Gd->Co,h,8,0.24681596519777294,rejected_radiusmatch_high,,104
Co5B13,mp-1198624,Gd->Co,h,8,0.25751723743934357,rejected_radiusmatch_high,,112
Ni5B13,mp-1197241,Gd->Ni,h,8,0.25765820994367716,rejected_radiusmatch_high,,112
Co16Si2B5,mp-16085,Nd->Co,d,4,0.09648014735933487,accepted_radiusmatch_ok,outputs/wyckoff_from_candidates_radius_mismatch_recheck\Co16Si2B5__from_mp-16085__NdtoCo__radiusmatch_ok.cif,40
Fe16B,mp-4459,Ce->Fe,g,8,0.28773651411905654,rejected_radiusmatch_high,,52
Fe14Co2B,mp-4459,Ce->Co,g,8,0.3170032530763077,rejected_radiusmatch_high,,52
Fe14Ni2B,mp-4459,Ce->Ni,g,8,0.3170032530763077,rejected_radiusmatch_high,,52
Mn2Fe14B,mp-4459,Ce->Mn,g,8,0.28773651411905654,rejected_radiusmatch_high,,52
Cr2Fe14B,mp-4459,Ce->Cr,g,8,0.28773651411905654,rejected_radiusmatch_high,,52
Fe16C,mp-1215108,Ce->Fe,f,8,0.3650544606011246,rejected_radiusmatch_high,,52
Fe14Co2C,mp-1215108,Ce->Co,f,8,0.39834847183529826,rejected_radiusmatch_high,,52
Fe14Ni2C,mp-1215108,Ce->Ni,f,8,0.39834847183529826,rejected_radiusmatch_high,,52
Mn2Fe14C,mp-1215108,Ce->Mn,f,8,0.3650544606011246,rejected_radiusmatch_high,,52
Cr2Fe14C,mp-1215108,Ce->Cr,f,8,0.3650544606011246,rejected_radiusmatch_high,,52
ThFe15B,mp-1226066,Dy->Fe,f,4,0.43099479655508943,rejected_radiusmatch_high,,72
TmFe15B,mp-1225933,Dy->Fe,f,4,0.4529668728817524,rejected_radiusmatch_high,,72
DyFe15B,mp-1225933,Tm->Fe,g,8,0.2680725943190741,rejected_radiusmatch_high,,52
Co16B,mp-1197631,La->Co,f,4,0.45718820168516056,rejected_radiusmatch_high,,72
DyFe15C,mp-1220835,Nd->Fe,f,4,0.1672285882826414,rejected_radiusmatch_high,,64
NdFe15B,mp-1220643,Er->Fe,g,8,0.2734724462647134,rejected_radiusmatch_high,,52
YCo15B,mp-1220235,Nd->Co,g,8,0.29510077866770046,rejected_radiusmatch_high,,52
Fe6Co10B,mp-1199281,Pr->Co,f,4,0.46948175150634186,rejected_radiusmatch_high,,72
PrFe15B,mp-1220557,Er->Fe,g,8,0.2746365350572574,rejected_radiusmatch_high,,52
PrCo15B,mp-1219868,Nd->Co,g,8,0.291642684235875,rejected_radiusmatch_high,,52
SrFe4O7,mp-21671,Eu->Fe,j,24,0.2882010258867589,rejected_radiusmatch_high,,96
SrCo4O7,mp-573240,Gd->Co,j,24,0.28480370103487807,rejected_radiusmatch_high,,104
TbCo15B,mp-1217550,Nd->Co,g,8,0.29193553542194045,rejected_radiusmatch_high,,52
YFe15B,mp-1216335,Er->Fe,g,8,0.2764267595764015,rejected_radiusmatch_high,,52
Si3Ni10,mp-1202253,Eu->Ni,g,24,0.25621741021365363,rejected_radiusmatch_high,,160
Fe5Si3,mp-1190061,Eu->Fe,l,8,0.3091378877175181,rejected_radiusmatch_high,,40
Co5Si3,mp-1190061,Eu->Co,l,8,0.3358549874668551,rejected_radiusmatch_high,,40
Si3Ni5,mp-1190061,Eu->Ni,l,8,0.3358549874668551,rejected_radiusmatch_high,,40
Mn5Si3,mp-1190061,Eu->Mn,l,8,0.3091378877175181,rejected_radiusmatch_high,,40
Cr5Si3,mp-1190061,Eu->Cr,l,8,0.3091378877175181,rejected_radiusmatch_high,,40
Fe5Ge3,mp-1188934,Eu->Fe,l,8,0.24807972035674716,rejected_radiusmatch_high,,40
Co5Ge3,mp-1188934,Eu->Co,l,8,0.2720812534405307,rejected_radiusmatch_high,,40
Ni5Ge3,mp-1188934,Eu->Ni,l,8,0.2720812534405307,rejected_radiusmatch_high,,40
Mn5Ge3,mp-1188934,Eu->Mn,l,8,0.24807972035674716,rejected_radiusmatch_high,,40
Cr5Ge3,mp-1188934,Eu->Cr,l,8,0.24807972035674716,rejected_radiusmatch_high,,40
AlFe19,mp-1211934,La->Fe,l,24,0.13719627602731757,accepted_radiusmatch_ok,outputs/wyckoff_from_candidates_radius_mismatch_recheck\AlFe19__from_mp-1211934__LatoFe__radiusmatch_ok.cif,144
AlFe13Co6,mp-1211934,La->Co,l,24,0.15787257195508692,rejected_radiusmatch_high,,144
AlFe13Ni6,mp-1211934,La->Ni,l,24,0.15787257195508692,rejected_radiusmatch_high,,144
Mn6AlFe13,mp-1211934,La->Mn,l,24,0.13719627602731757,accepted_radiusmatch_ok,outputs/wyckoff_from_candidates_radius_mismatch_recheck\Mn6AlFe13__from_mp-1211934__LatoMn__radiusmatch_ok.cif,144
AlCr6Fe13,mp-1211934,La->Cr,l,24,0.13719627602731757,accepted_radiusmatch_ok,outputs/wyckoff_from_candidates_radius_mismatch_recheck\AlCr6Fe13__from_mp-1211934__LatoCr__radiusmatch_ok.cif,144
Fe19Pb,mp-1196549,La->Fe,f,4,0.16812000682599043,rejected_radiusmatch_high,,48
Fe19Sn,mp-1198430,La->Fe,f,4,0.17196448974642645,rejected_radiusmatch_high,,48
Fe19Ag,mp-1197167,Nd->Fe,l,24,0.12220546931290409,accepted_radiusmatch_ok,outputs/wyckoff_from_candidates_radius_mismatch_recheck\Fe19Ag__from_mp-1197167__NdtoFe__radiusmatch_ok.cif,144
Fe13Co6Ag,mp-1197167,Nd->Co,l,24,0.11675938081932925,accepted_radiusmatch_ok,outputs/wyckoff_from_candidates_radius_mismatch_recheck\Fe13Co6Ag__from_mp-1197167__NdtoCo__radiusmatch_ok.cif,144
Fe13Ni6Ag,mp-1197167,Nd->Ni,l,24,0.11675938081932925,accepted_radiusmatch_ok,outputs/wyckoff_from_candidates_radius_mismatch_recheck\Fe13Ni6Ag__from_mp-1197167__NdtoNi__radiusmatch_ok.cif,144
Mn6Fe13Ag,mp-1197167,Nd->Mn,l,24,0.12220546931290409,accepted_radiusmatch_ok,outputs/wyckoff_from_candidates_radius_mismatch_recheck\Mn6Fe13Ag__from_mp-1197167__NdtoMn__radiusmatch_ok.cif,144
Cr6Fe13Ag,mp-1197167,Nd->Cr,l,24,0.12220546931290409,accepted_radiusmatch_ok,outputs/wyckoff_from_candidates_radius_mismatch_recheck\Cr6Fe13Ag__from_mp-1197167__NdtoCr__radiusmatch_ok.cif,144
CdFe19,mp-1202421,Nd->Fe,l,24,0.1276503948492006,accepted_radiusmatch_ok,outputs/wyckoff_from_candidates_radius_mismatch_recheck\CdFe19__from_mp-1202421__NdtoFe__radiusmatch_ok.cif,144
CdFe13Co6,mp-1202421,Nd->Co,l,24,0.11929908192539784,accepted_radiusmatch_ok,outputs/wyckoff_from_candidates_radius_mismatch_recheck\CdFe13Co6__from_mp-1202421__NdtoCo__radiusmatch_ok.cif,144
CdFe13Ni6,mp-1202421,Nd->Ni,l,24,0.11929908192539784,accepted_radiusmatch_ok,outputs/wyckoff_from_candidates_radius_mismatch_recheck\CdFe13Ni6__from_mp-1202421__NdtoNi__radiusmatch_ok.cif,144
Mn6CdFe13,mp-1202421,Nd->Mn,l,24,0.1276503948492006,accepted_radiusmatch_ok,outputs/wyckoff_from_candidates_radius_mismatch_recheck\Mn6CdFe13__from_mp-1202421__NdtoMn__radiusmatch_ok.cif,144
Cr6CdFe13,mp-1202421,Nd->Cr,l,24,0.1276503948492006,accepted_radiusmatch_ok,outputs/wyckoff_from_candidates_radius_mismatch_recheck\Cr6CdFe13__from_mp-1202421__NdtoCr__radiusmatch_ok.cif,144
Fe19As,mp-1200485,Nd->Fe,f,4,0.2906978545783869,rejected_radiusmatch_high,,52
Fe13Co6As,mp-1200485,Nd->Co,f,4,0.31651181166995457,rejected_radiusmatch_high,,52
Fe13Ni6As,mp-1200485,Nd->Ni,f,4,0.31651181166995457,rejected_radiusmatch_high,,52
Mn6Fe13As,mp-1200485,Nd->Mn,f,4,0.2906978545783869,rejected_radiusmatch_high,,52
Cr6Fe13As,mp-1200485,Nd->Cr,f,4,0.2906978545783869,rejected_radiusmatch_high,,52
Fe19Bi,mp-1202553,Nd->Fe,f,4,0.16402074654107227,rejected_radiusmatch_high,,48
Fe13Co6Bi,mp-1202553,Nd->Co,f,4,0.18518476011454624,rejected_radiusmatch_high,,48
Fe13Ni6Bi,mp-1202553,Nd->Ni,f,4,0.18518476011454624,rejected_radiusmatch_high,,48
Mn6Fe13Bi,mp-1202553,Nd->Mn,f,4,0.16402074654107227,rejected_radiusmatch_high,,48
Cr6Fe13Bi,mp-1202553,Nd->Cr,f,4,0.16402074654107227,rejected_radiusmatch_high,,48
Fe19Cu,mp-1198821,Nd->Fe,f,4,0.18032775922324748,rejected_radiusmatch_high,,52
Fe19Hg,mp-1201588,Nd->Fe,l,24,0.12209425309238552,accepted_radiusmatch_ok,outputs/wyckoff_from_candidates_radius_mismatch_recheck\Fe19Hg__from_mp-1201588__NdtoFe__radiusmatch_ok.cif,144
Fe13Co6Hg,mp-1201588,Nd->Co,l,24,0.12410387586063397,accepted_radiusmatch_ok,outputs/wyckoff_from_candidates_radius_mismatch_recheck\Fe13Co6Hg__from_mp-1201588__NdtoCo__radiusmatch_ok.cif,144
Fe13Ni6Hg,mp-1201588,Nd->Ni,l,24,0.12410387586063397,accepted_radiusmatch_ok,outputs/wyckoff_from_candidates_radius_mismatch_recheck\Fe13Ni6Hg__from_mp-1201588__NdtoNi__radiusmatch_ok.cif,144
Mn6Fe13Hg,mp-1201588,Nd->Mn,l,24,0.12209425309238552,accepted_radiusmatch_ok,outputs/wyckoff_from_candidates_radius_mismatch_recheck\Mn6Fe13Hg__from_mp-1201588__NdtoMn__radiusmatch_ok.cif,144
Cr6Fe13Hg,mp-1201588,Nd->Cr,l,24,0.12209425309238552,accepted_radiusmatch_ok,outputs/wyckoff_from_candidates_radius_mismatch_recheck\Cr6Fe13Hg__from_mp-1201588__NdtoCr__radiusmatch_ok.cif,144
Fe19Ge,mp-1198335,Nd->Fe,f,4,0.23422474782796662,rejected_radiusmatch_high,,52
Fe13Co6Pb,mp-1196232,Nd->Co,f,4,0.18812837233172416,rejected_radiusmatch_high,,48
Fe13Ni6Pb,mp-1196232,Nd->Ni,f,4,0.18812837233172416,rejected_radiusmatch_high,,48
Mn6Fe13Pb,mp-1196232,Nd->Mn,f,4,0.16691179425437203,rejected_radiusmatch_high,,48
Cr6Fe13Pb,mp-1196232,Nd->Cr,f,4,0.16691179425437203,rejected_radiusmatch_high,,48
Fe19Sb,mp-568431,Nd->Fe,f,4,0.1635391664784996,rejected_radiusmatch_high,,48
Fe13Co6Sb,mp-568431,Nd->Co,f,4,0.18469442405083586,rejected_radiusmatch_high,,48
Fe13Ni6Sb,mp-568431,Nd->Ni,f,4,0.18469442405083586,rejected_radiusmatch_high,,48
Mn6Fe13Sb,mp-568431,Nd->Mn,f,4,0.1635391664784996,rejected_radiusmatch_high,,48
Cr6Fe13Sb,mp-568431,Nd->Cr,f,4,0.1635391664784996,rejected_radiusmatch_high,,48
Fe19Si,mp-5932,Nd->Fe,l,24,0.12255461622078563,accepted_radiusmatch_ok,outputs/wyckoff_from_candidates_radius_mismatch_recheck\Fe19Si__from_mp-5932__NdtoFe__radiusmatch_ok.cif,144
GaFe19,mp-1202920,Nd->Fe,f,4,0.17796397946842452,rejected_radiusmatch_high,,48
GaFe13Co6,mp-1202920,Nd->Co,f,4,0.19938150636785032,rejected_radiusmatch_high,,48
GaFe13Ni6,mp-1202920,Nd->Ni,f,4,0.19938150636785032,rejected_radiusmatch_high,,48
Mn6GaFe13,mp-1202920,Nd->Mn,f,4,0.17796397946842452,rejected_radiusmatch_high,,48
Cr6GaFe13,mp-1202920,Nd->Cr,f,4,0.17796397946842452,rejected_radiusmatch_high,,48
Fe19Au,mp-1203126,Nd->Fe,l,24,0.125097172511619,accepted_radiusmatch_ok,outputs/wyckoff_from_candidates_radius_mismatch_recheck\Fe19Au__from_mp-1203126__NdtoFe__radiusmatch_ok.cif,144
Fe13Co6Au,mp-1203126,Nd->Co,l,24,0.12537627929377687,accepted_radiusmatch_ok,outputs/wyckoff_from_candidates_radius_mismatch_recheck\Fe13Co6Au__from_mp-1203126__NdtoCo__radiusmatch_ok.cif,144
Fe13Ni6Au,mp-1203126,Nd->Ni,l,24,0.12537627929377687,accepted_radiusmatch_ok,outputs/wyckoff_from_candidates_radius_mismatch_recheck\Fe13Ni6Au__from_mp-1203126__NdtoNi__radiusmatch_ok.cif,144
Mn6Fe13Au,mp-1203126,Nd->Mn,l,24,0.125097172511619,accepted_radiusmatch_ok,outputs/wyckoff_from_candidates_radius_mismatch_recheck\Mn6Fe13Au__from_mp-1203126__NdtoMn__radiusmatch_ok.cif,144
Cr6Fe13Au,mp-1203126,Nd->Cr,l,24,0.125097172511619,accepted_radiusmatch_ok,outputs/wyckoff_from_candidates_radius_mismatch_recheck\Cr6Fe13Au__from_mp-1203126__NdtoCr__radiusmatch_ok.cif,144
TlFe19,mp-1196608,Nd->Fe,f,4,0.16654845777429897,rejected_radiusmatch_high,,48
TlFe13Co6,mp-1196608,Nd->Co,f,4,0.1877584297338316,rejected_radiusmatch_high,,48
TlFe13Ni6,mp-1196608,Nd->Ni,f,4,0.1877584297338316,rejected_radiusmatch_high,,48
Mn6TlFe13,mp-1196608,Nd->Mn,f,4,0.16654845777429897,rejected_radiusmatch_high,,48
TlCr6Fe13,mp-1196608,Nd->Cr,f,4,0.16654845777429897,rejected_radiusmatch_high,,48
ZnFe19,mp-1196648,Nd->Fe,l,24,0.12631465965933167,accepted_radiusmatch_ok,outputs/wyckoff_from_candidates_radius_mismatch_recheck\ZnFe19__from_mp-1196648__NdtoFe__radiusmatch_ok.cif,144
ZnFe13Co6,mp-1196648,Nd->Co,l,24,0.12107229862442943,accepted_radiusmatch_ok,outputs/wyckoff_from_candidates_radius_mismatch_recheck\ZnFe13Co6__from_mp-1196648__NdtoCo__radiusmatch_ok.cif,144
ZnFe13Ni6,mp-1196648,Nd->Ni,l,24,0.12107229862442943,accepted_radiusmatch_ok,outputs/wyckoff_from_candidates_radius_mismatch_recheck\ZnFe13Ni6__from_mp-1196648__NdtoNi__radiusmatch_ok.cif,144
Mn6ZnFe13,mp-1196648,Nd->Mn,l,24,0.12631465965933167,accepted_radiusmatch_ok,outputs/wyckoff_from_candidates_radius_mismatch_recheck\Mn6ZnFe13__from_mp-1196648__NdtoMn__radiusmatch_ok.cif,144
ZnCr6Fe13,mp-1196648,Nd->Cr,l,24,0.12631465965933167,accepted_radiusmatch_ok,outputs/wyckoff_from_candidates_radius_mismatch_recheck\ZnCr6Fe13__from_mp-1196648__NdtoCr__radiusmatch_ok.cif,144
InFe19,mp-1199952,Nd->Fe,f,4,0.16950484920598824,rejected_radiusmatch_high,,48
InFe13Co6,mp-1199952,Nd->Co,f,4,0.19076857373700615,rejected_radiusmatch_high,,48
InFe13Ni6,mp-1199952,Nd->Ni,f,4,0.19076857373700615,rejected_radiusmatch_high,,48
Mn6InFe13,mp-1199952,Nd->Mn,f,4,0.16950484920598824,rejected_radiusmatch_high,,48
Cr6InFe13,mp-1199952,Nd->Cr,f,4,0.16950484920598824,rejected_radiusmatch_high,,48
Fe13Co6Cu,mp-1197841,Pr->Co,l,24,0.13381259125032294,accepted_radiusmatch_ok,outputs/wyckoff_from_candidates_radius_mismatch_recheck\Fe13Co6Cu__from_mp-1197841__PrtoCo__radiusmatch_ok.cif,144
Fe13CuNi6,mp-1197841,Pr->Ni,l,24,0.13381259125032294,accepted_radiusmatch_ok,outputs/wyckoff_from_candidates_radius_mismatch_recheck\Fe13CuNi6__from_mp-1197841__PrtoNi__radiusmatch_ok.cif,144
Mn6Fe13Cu,mp-1197841,Pr->Mn,l,24,0.12698464141834667,accepted_radiusmatch_ok,outputs/wyckoff_from_candidates_radius_mismatch_recheck\Mn6Fe13Cu__from_mp-1197841__PrtoMn__radiusmatch_ok.cif,144
Cr6Fe13Cu,mp-1197841,Pr->Cr,l,24,0.12698464141834667,accepted_radiusmatch_ok,outputs/wyckoff_from_candidates_radius_mismatch_recheck\Cr6Fe13Cu__from_mp-1197841__PrtoCr__radiusmatch_ok.cif,144
Fe13Co6Sn,mp-1197173,Pr->Co,f,4,0.18936146627247377,rejected_radiusmatch_high,,48
Fe13Ni6Sn,mp-1197173,Pr->Ni,f,4,0.18936146627247377,rejected_radiusmatch_high,,48
Mn6Fe13Sn,mp-1197173,Pr->Mn,f,4,0.16812286866046539,rejected_radiusmatch_high,,48
Cr6Fe13Sn,mp-1197173,Pr->Cr,f,4,0.16812286866046539,rejected_radiusmatch_high,,48
Fe4Ir,mp-623108,Eu->Fe,h,8,0.04038673194262043,accepted_radiusmatch_ok,outputs/wyckoff_from_candidates_radius_mismatch_recheck\Fe4Ir__from_mp-623108__EutoFe__radiusmatch_ok.cif,8
Co4Ir,mp-623108,Eu->Co,h,8,0.05965315290452074,accepted_radiusmatch_ok,outputs/wyckoff_from_candidates_radius_mismatch_recheck\Co4Ir__from_mp-623108__EutoCo__radiusmatch_ok.cif,8
Ni4Ir,mp-623108,Eu->Ni,h,8,0.05965315290452074,accepted_radiusmatch_ok,outputs/wyckoff_from_candidates_radius_mismatch_recheck\Ni4Ir__from_mp-623108__EutoNi__radiusmatch_ok.cif,8
Mn4Ir,mp-623108,Eu->Mn,h,8,0.04038673194262043,accepted_radiusmatch_ok,outputs/wyckoff_from_candidates_radius_mismatch_recheck\Mn4Ir__from_mp-623108__EutoMn__radiusmatch_ok.cif,8
Cr4Ir,mp-623108,Eu->Cr,h,8,0.04038673194262043,accepted_radiusmatch_ok,outputs/wyckoff_from_candidates_radius_mismatch_recheck\Cr4Ir__from_mp-623108__EutoCr__radiusmatch_ok.cif,8
Fe10S14O,mp-556437,Gd->Fe,g,80,0.20888220737703356,rejected_radiusmatch_high,,352
Co10S14O,mp-556437,Gd->Co,g,80,0.23460310540633206,rejected_radiusmatch_high,,352
Ni10S14O,mp-556437,Gd->Ni,g,80,0.23460310540633206,rejected_radiusmatch_high,,352
Mn10S14O,mp-556437,Gd->Mn,g,80,0.20888220737703356,rejected_radiusmatch_high,,352
Cr10S14O,mp-556437,Gd->Cr,g,80,0.20888220737703356,rejected_radiusmatch_high,,352
Mn9O14,mp-674504,La->Mn,b,66,0.3388496753767185,rejected_radiusmatch_high,,204
Fe3Au2,mp-1104457,Eu->Fe,a,1,0.16774486560717622,rejected_radiusmatch_high,,6
Co3Au2,mp-1104457,Eu->Co,a,1,0.18936977052582754,rejected_radiusmatch_high,,6
Ni3Au2,mp-1104457,Eu->Ni,a,1,0.18936977052582754,rejected_radiusmatch_high,,6
Mn3Au2,mp-1104457,Eu->Mn,a,1,0.16774486560717622,rejected_radiusmatch_high,,6
Cr3Au2,mp-1104457,Eu->Cr,a,1,0.16774486560717622,rejected_radiusmatch_high,,6
Fe3Pd2,mp-1105286,Eu->Fe,b,1,0.1242985762614227,accepted_radiusmatch_ok,outputs/wyckoff_from_candidates_radius_mismatch_recheck\Fe3Pd2__from_mp-1105286__EutoFe__radiusmatch_ok.cif,6
Co3Pd2,mp-1105286,Eu->Co,b,1,0.14474036855708486,accepted_radiusmatch_ok,outputs/wyckoff_from_candidates_radius_mismatch_recheck\Co3Pd2__from_mp-1105286__EutoCo__radiusmatch_ok.cif,6
Ni3Pd2,mp-1105286,Eu->Ni,b,1,0.14474036855708486,accepted_radiusmatch_ok,outputs/wyckoff_from_candidates_radius_mismatch_recheck\Ni3Pd2__from_mp-1105286__EutoNi__radiusmatch_ok.cif,6
Mn3Pd2,mp-1105286,Eu->Mn,b,1,0.1242985762614227,accepted_radiusmatch_ok,outputs/wyckoff_from_candidates_radius_mismatch_recheck\Mn3Pd2__from_mp-1105286__EutoMn__radiusmatch_ok.cif,6
Cr3Pd2,mp-1105286,Eu->Cr,b,1,0.1242985762614227,accepted_radiusmatch_ok,outputs/wyckoff_from_candidates_radius_mismatch_recheck\Cr3Pd2__from_mp-1105286__EutoCr__radiusmatch_ok.cif,6
Fe3Pt2,mp-1104698,Eu->Fe,a,1,0.14500357187003712,accepted_radiusmatch_ok,outputs/wyckoff_from_candidates_radius_mismatch_recheck\Fe3Pt2__from_mp-1104698__EutoFe__radiusmatch_ok.cif,6
Co3Pt2,mp-1104698,Eu->Co,a,1,0.1662073417194822,rejected_radiusmatch_high,,6
Ni3Pt2,mp-1104698,Eu->Ni,a,1,0.1662073417194822,rejected_radiusmatch_high,,6
Mn3Pt2,mp-1104698,Eu->Mn,a,1,0.14500357187003712,accepted_radiusmatch_ok,outputs/wyckoff_from_candidates_radius_mismatch_recheck\Mn3Pt2__from_mp-1104698__EutoMn__radiusmatch_ok.cif,6
Cr3Pt2,mp-1104698,Eu->Cr,a,1,0.14500357187003712,accepted_radiusmatch_ok,outputs/wyckoff_from_candidates_radius_mismatch_recheck\Cr3Pt2__from_mp-1104698__EutoCr__radiusmatch_ok.cif,6
Fe2O3,mp-3282,Tb->Fe,f,72,0.3313583421016063,rejected_radiusmatch_high,,234
Fe19H3,mp-1191093,Gd->Fe,c,4,0.5056839750031954,rejected_radiusmatch_high,,8
Fe5P3O13,mp-1212818,Eu->Fe,f,4,0.286555039809276,rejected_radiusmatch_high,,24
Co5P3O13,mp-1212818,Eu->Co,f,4,0.3195436305736163,rejected_radiusmatch_high,,24
Ni5P3O13,mp-1212818,Eu->Ni,f,4,0.3195436305736163,rejected_radiusmatch_high,,24
Mn5P3O13,mp-1212818,Eu->Mn,f,4,0.286555039809276,rejected_radiusmatch_high,,24
Cr5P3O13,mp-1212818,Eu->Cr,f,4,0.286555039809276,rejected_radiusmatch_high,,24
Fe4Br6O,mp-559031,Eu->Fe,c,18,0.19059160065477365,rejected_radiusmatch_high,,60
Co4Br6O,mp-559031,Eu->Co,c,18,0.22111959041515236,rejected_radiusmatch_high,,60
Ni4Br6O,mp-559031,Eu->Ni,c,18,0.22111959041515236,rejected_radiusmatch_high,,60
Mn4Br6O,mp-559031,Eu->Mn,c,18,0.19059160065477365,rejected_radiusmatch_high,,60
Cr4Br6O,mp-559031,Eu->Cr,c,18,0.19059160065477365,rejected_radiusmatch_high,,60
Fe7Au3,mp-1106137,Eu->Fe,b,2,0.1377457851691236,accepted_radiusmatch_ok,outputs/wyckoff_from_candidates_radius_mismatch_recheck\Fe7Au3__from_mp-1106137__EutoFe__radiusmatch_ok.cif,6
Co7Au3,mp-1106137,Eu->Co,b,2,0.15881515156114434,rejected_radiusmatch_high,,6
Ni7Au3,mp-1106137,Eu->Ni,b,2,0.15881515156114434,rejected_radiusmatch_high,,6
Mn7Au3,mp-1106137,Eu->Mn,b,2,0.1377457851691236,accepted_radiusmatch_ok,outputs/wyckoff_from_candidates_radius_mismatch_recheck\Mn7Au3__from_mp-1106137__EutoMn__radiusmatch_ok.cif,6
Cr7Au3,mp-1106137,Eu->Cr,b,2,0.1377457851691236,accepted_radiusmatch_ok,outputs/wyckoff_from_candidates_radius_mismatch_recheck\Cr7Au3__from_mp-1106137__EutoCr__radiusmatch_ok.cif,6
Fe8Ni18P11,mp-1213676,Eu->Fe,k,21,0.26219884183933584,rejected_radiusmatch_high,,156
Co8Ni18P11,mp-1213676,Eu->Co,k,21,0.28905413634655563,rejected_radiusmatch_high,,156
Ni26P11,mp-1213676,Eu->Ni,k,21,0.28905413634655563,rejected_radiusmatch_high,,156
Mn8Ni18P11,mp-1213676,Eu->Mn,k,21,0.26219884183933584,rejected_radiusmatch_high,,156
Cr8Ni18P11,mp-1213676,Eu->Cr,k,21,0.26219884183933584,rejected_radiusmatch_high,,156
Ni35P12,mp-1213589,Eu->Ni,k,15,0.30552284506258875,rejected_radiusmatch_high,,129
NdFe37,mp-1220311,Er->Fe,d,1,0.13903223954158392,accepted_radiusmatch_ok,outputs/wyckoff_from_candidates_radius_mismatch_recheck\NdFe37__from_mp-1220311__ErtoFe__radiusmatch_ok.cif,20
Er3Fe35,mp-1220311,Nd->Fe,e,1,0.14963106796078168,accepted_radiusmatch_ok,outputs/wyckoff_from_candidates_radius_mismatch_recheck\Er3Fe35__from_mp-1220311__NdtoFe__radiusmatch_ok.cif,20
SmFe37,mp-1219139,Er->Fe,b,1,0.13583503124764007,accepted_radiusmatch_ok,outputs/wyckoff_from_candidates_radius_mismatch_recheck\SmFe37__from_mp-1219139__ErtoFe__radiusmatch_ok.cif,20
Y3Fe35,mp-1219085,Sm->Fe,e,1,0.15099764635305396,rejected_radiusmatch_high,,20
Y3Fe34Co,mp-1219085,Sm->Co,e,1,0.17192487628674577,rejected_radiusmatch_high,,20
Y3Fe34Ni,mp-1219085,Sm->Ni,e,1,0.17192487628674577,rejected_radiusmatch_high,,20
Y3MnFe34,mp-1219085,Sm->Mn,e,1,0.15099764635305396,rejected_radiusmatch_high,,20
Y3CrFe34,mp-1219085,Sm->Cr,e,1,0.15099764635305396,rejected_radiusmatch_high,,20
YFe37,mp-1216207,Er->Fe,a,1,0.13975206937618445,accepted_radiusmatch_ok,outputs/wyckoff_from_candidates_radius_mismatch_recheck\YFe37__from_mp-1216207__ErtoFe__radiusmatch_ok.cif,20
YFe34Co3,mp-1216207,Er->Co,a,1,0.1604748342739332,rejected_radiusmatch_high,,20
YFe34Ni3,mp-1216207,Er->Ni,a,1,0.1604748342739332,rejected_radiusmatch_high,,20
YMn3Fe34,mp-1216207,Er->Mn,a,1,0.13975206937618445,accepted_radiusmatch_ok,outputs/wyckoff_from_candidates_radius_mismatch_recheck\YMn3Fe34__from_mp-1216207__ErtoMn__radiusmatch_ok.cif,20
YCr3Fe34,mp-1216207,Er->Cr,a,1,0.13975206937618445,accepted_radiusmatch_ok,outputs/wyckoff_from_candidates_radius_mismatch_recheck\YCr3Fe34__from_mp-1216207__ErtoCr__radiusmatch_ok.cif,20
Fe5As3,mp-1106024,Eu->Fe,d,4,0.2661146758978865,rejected_radiusmatch_high,,32
Co5As3,mp-1106024,Eu->Co,d,4,0.2914369694158442,rejected_radiusmatch_high,,32
Ni5As3,mp-1106024,Eu->Ni,d,4,0.2914369694158442,rejected_radiusmatch_high,,32
Mn5As3,mp-1106024,Eu->Mn,d,4,0.2661146758978865,rejected_radiusmatch_high,,32
Cr5As3,mp-1106024,Eu->Cr,d,4,0.2661146758978865,rejected_radiusmatch_high,,32
Fe5Bi3,mp-1188517,Eu->Fe,d,4,0.1555628536594651,rejected_radiusmatch_high,,32
Co5Bi3,mp-1188517,Eu->Co,d,4,0.175148664738439,rejected_radiusmatch_high,,32
Ni5Bi3,mp-1188517,Eu->Ni,d,4,0.175148664738439,rejected_radiusmatch_high,,32
Mn5Bi3,mp-1188517,Eu->Mn,d,4,0.1555628536594651,rejected_radiusmatch_high,,32
Cr5Bi3,mp-1188517,Eu->Cr,d,4,0.1555628536594651,rejected_radiusmatch_high,,32
Fe5Sb3,mp-1105949,Eu->Fe,d,4,0.19679585655071968,rejected_radiusmatch_high,,32
Co5Sb3,mp-1105949,Eu->Co,d,4,0.21816721113198245,rejected_radiusmatch_high,,32
Ni5Sb3,mp-1105949,Eu->Ni,d,4,0.21816721113198245,rejected_radiusmatch_high,,32
Mn5Sb3,mp-1105949,Eu->Mn,d,4,0.19679585655071968,rejected_radiusmatch_high,,32
Cr5Sb3,mp-1105949,Eu->Cr,d,4,0.19679585655071968,rejected_radiusmatch_high,,32
Fe,mp-1195962,Ce->Fe,b,2,0.18307436328766255,rejected_radiusmatch_high,,36
Fe17Co2,mp-1195962,Ce->Co,b,2,0.20458480625652908,rejected_radiusmatch_high,,36
Fe17Ni2,mp-1195962,Ce->Ni,b,2,0.20458480625652908,rejected_radiusmatch_high,,36
Mn2Fe17,mp-1195962,Ce->Mn,b,2,0.18307436328766255,rejected_radiusmatch_high,,36
Cr2Fe17,mp-1195962,Ce->Cr,b,2,0.18307436328766255,rejected_radiusmatch_high,,36
YFe18,mp-1226946,Ce->Fe,d,2,0.14718027057579441,accepted_radiusmatch_ok,outputs/wyckoff_from_candidates_radius_mismatch_recheck\YFe18__from_mp-1226946__CetoFe__radiusmatch_ok.cif,40
YFe17Co,mp-1226946,Ce->Co,d,2,0.1680380936771724,rejected_radiusmatch_high,,40
YFe17Ni,mp-1226946,Ce->Ni,d,2,0.1680380936771724,rejected_radiusmatch_high,,40
YMnFe17,mp-1226946,Ce->Mn,d,2,0.14718027057579441,accepted_radiusmatch_ok,outputs/wyckoff_from_candidates_radius_mismatch_recheck\YMnFe17__from_mp-1226946__CetoMn__radiusmatch_ok.cif,40
YCrFe17,mp-1226946,Ce->Cr,d,2,0.14718027057579441,accepted_radiusmatch_ok,outputs/wyckoff_from_candidates_radius_mismatch_recheck\YCrFe17__from_mp-1226946__CetoCr__radiusmatch_ok.cif,40
Fe2Co17,mp-569638,Dy->Fe,d,2,0.1410563129660811,accepted_radiusmatch_ok,outputs/wyckoff_from_candidates_radius_mismatch_recheck\Fe2Co17__from_mp-569638__DytoFe__radiusmatch_ok.cif,40
Co,mp-569638,Dy->Co,d,2,0.16218698542841586,rejected_radiusmatch_high,,40
Co17Ni2,mp-569638,Dy->Ni,d,2,0.16218698542841586,rejected_radiusmatch_high,,40
Mn2Co17,mp-569638,Dy->Mn,d,2,0.1410563129660811,accepted_radiusmatch_ok,outputs/wyckoff_from_candidates_radius_mismatch_recheck\Mn2Co17__from_mp-569638__DytoMn__radiusmatch_ok.cif,40
Cr2Co17,mp-569638,Dy->Cr,d,2,0.1410563129660811,accepted_radiusmatch_ok,outputs/wyckoff_from_candidates_radius_mismatch_recheck\Cr2Co17__from_mp-569638__DytoCr__radiusmatch_ok.cif,40
Al2Fe17,mp-1196052,Dy->Fe,b,2,0.12014443872946638,accepted_radiusmatch_ok,outputs/wyckoff_from_candidates_radius_mismatch_recheck\Al2Fe17__from_mp-1196052__DytoFe__radiusmatch_ok.cif,24
Fe19C3,mp-1213192,Dy->Fe,c,2,0.19599131671308068,rejected_radiusmatch_high,,6
Fe17Co2C3,mp-1213192,Dy->Co,c,2,0.2251618366329118,rejected_radiusmatch_high,,6
Fe17Ni2C3,mp-1213192,Dy->Ni,c,2,0.2251618366329118,rejected_radiusmatch_high,,6
Mn2Fe17C3,mp-1213192,Dy->Mn,c,2,0.19599131671308068,rejected_radiusmatch_high,,6
Cr2Fe17C3,mp-1213192,Dy->Cr,c,2,0.19599131671308068,rejected_radiusmatch_high,,6
Fe17Co2H3,mp-1213248,Dy->Co,c,2,0.5619172941685263,rejected_radiusmatch_high,,6
Fe17Ni2H3,mp-1213248,Dy->Ni,c,2,0.5619172941685263,rejected_radiusmatch_high,,6
Mn2Fe17H3,mp-1213248,Dy->Mn,c,2,0.5145864670725105,rejected_radiusmatch_high,,6
Cr2Fe17H3,mp-1213248,Dy->Cr,c,2,0.5145864670725105,rejected_radiusmatch_high,,6
Ga3Fe16,mp-1203342,Dy->Fe,c,4,0.19458870137366588,rejected_radiusmatch_high,,64
Fe19N3,mp-1200240,Dy->Fe,b,2,0.20046536386211591,rejected_radiusmatch_high,,6
Nb2Fe17,mp-1197659,Dy->Fe,b,2,0.12010998493410444,accepted_radiusmatch_ok,outputs/wyckoff_from_candidates_radius_mismatch_recheck\Nb2Fe17__from_mp-1197659__DytoFe__radiusmatch_ok.cif,24
Al3Fe16,mp-1199551,Er->Fe,b,2,0.11215017323353854,accepted_radiusmatch_ok,outputs/wyckoff_from_candidates_radius_mismatch_recheck\Al3Fe16__from_mp-1199551__ErtoFe__radiusmatch_ok.cif,24
Fe16Si3,mp-1204517,Er->Fe,b,2,0.10606686852547716,accepted_radiusmatch_ok,outputs/wyckoff_from_candidates_radius_mismatch_recheck\Fe16Si3__from_mp-1204517__ErtoFe__radiusmatch_ok.cif,24
CrFe3,mp-1184391,Eu->Fe,h,6,0.3380417247492952,rejected_radiusmatch_high,,72
CrCo3,mp-1184391,Eu->Co,h,6,0.36236975610837324,rejected_radiusmatch_high,,72
CrNi3,mp-1184391,Eu->Ni,h,6,0.36236975610837324,rejected_radiusmatch_high,,72
Mn3Cr,mp-1184391,Eu->Mn,h,6,0.3380417247492952,rejected_radiusmatch_high,,72
Cr,mp-1184391,Eu->Cr,h,6,0.3380417247492952,rejected_radiusmatch_high,,72
Fe7Co12,mp-1197249,Ho->Fe,b,2,0.16975888728040706,rejected_radiusmatch_high,,36
Fe5Co14,mp-1197249,Ho->Co,b,2,0.1914210888967108,rejected_radiusmatch_high,,36
Fe17Co2N3,mp-1212403,Ho->Co,c,2,0.26643904068294244,rejected_radiusmatch_high,,6
Fe17Ni2N3,mp-1212403,Ho->Ni,c,2,0.26643904068294244,rejected_radiusmatch_high,,6
Mn2Fe17N3,mp-1212403,Ho->Mn,c,2,0.2355502835931147,rejected_radiusmatch_high,,6
Cr2Fe17N3,mp-1212403,Ho->Cr,c,2,0.2355502835931147,rejected_radiusmatch_high,,6
Mn3(FeCo7)2,mp-1201523,Ho->Fe,b,2,0.15726668080591255,rejected_radiusmatch_high,,36
Mn3Co16,mp-1201523,Ho->Co,b,2,0.17869754526528123,rejected_radiusmatch_high,,36
Mn3(Co7Ni)2,mp-1201523,Ho->Ni,b,2,0.17869754526528123,rejected_radiusmatch_high,,36
Mn5Co14,mp-1201523,Ho->Mn,b,2,0.15726668080591255,rejected_radiusmatch_high,,36
Mn3(CrCo7)2,mp-1201523,Ho->Cr,b,2,0.15726668080591255,rejected_radiusmatch_high,,36
Fe13O19,mp-574915,La->Fe,d,2,0.3444873966804427,rejected_radiusmatch_high,,12
Fe12CoO19,mp-574915,La->Co,d,2,0.3789614324927616,rejected_radiusmatch_high,,12
Fe12NiO19,mp-574915,La->Ni,d,2,0.3789614324927616,rejected_radiusmatch_high,,12
MnFe12O19,mp-574915,La->Mn,d,2,0.3444873966804427,rejected_radiusmatch_high,,12
CrFe12O19,mp-574915,La->Cr,d,2,0.3444873966804427,rejected_radiusmatch_high,,12
Mn7Co12,mp-1201029,Nd->Mn,b,2,0.17692808593346596,rejected_radiusmatch_high,,36
NdFe18,mp-1220296,Er->Fe,b,2,0.16911313472567835,rejected_radiusmatch_high,,36
NdFe17Co,mp-1220296,Er->Co,b,2,0.19036973717523606,rejected_radiusmatch_high,,36
NdFe17Ni,mp-1220296,Er->Ni,b,2,0.19036973717523606,rejected_radiusmatch_high,,36
NdMnFe17,mp-1220296,Er->Mn,b,2,0.16911313472567835,rejected_radiusmatch_high,,36
NdCrFe17,mp-1220296,Er->Cr,b,2,0.16911313472567835,rejected_radiusmatch_high,,36
ErFe18,mp-1220296,Nd->Fe,d,2,0.14786719940584828,accepted_radiusmatch_ok,outputs/wyckoff_from_candidates_radius_mismatch_recheck\ErFe18__from_mp-1220296__NdtoFe__radiusmatch_ok.cif,40
ErFe17Co,mp-1220296,Nd->Co,d,2,0.1687375121223182,rejected_radiusmatch_high,,40
ErFe17Ni,mp-1220296,Nd->Ni,d,2,0.1687375121223182,rejected_radiusmatch_high,,40
ErMnFe17,mp-1220296,Nd->Mn,d,2,0.14786719940584828,accepted_radiusmatch_ok,outputs/wyckoff_from_candidates_radius_mismatch_recheck\ErMnFe17__from_mp-1220296__NdtoMn__radiusmatch_ok.cif,40
ErCrFe17,mp-1220296,Nd->Cr,d,2,0.14786719940584828,accepted_radiusmatch_ok,outputs/wyckoff_from_candidates_radius_mismatch_recheck\ErCrFe17__from_mp-1220296__NdtoCr__radiusmatch_ok.cif,40
Ga2Fe17,mp-1203778,Tm->Fe,b,2,0.12250227366705115,accepted_radiusmatch_ok,outputs/wyckoff_from_candidates_radius_mismatch_recheck\Ga2Fe17__from_mp-1203778__TmtoFe__radiusmatch_ok.cif,24
Fe17Si2,mp-1200417,Tm->Fe,b,2,0.11345365438940523,accepted_radiusmatch_ok,outputs/wyckoff_from_candidates_radius_mismatch_recheck\Fe17Si2__from_mp-1200417__TmtoFe__radiusmatch_ok.cif,24
Co18Pb,mp-1213266,Gd->Co,g,12,0.07771767121008812,accepted_radiusmatch_ok,outputs/wyckoff_from_candidates_radius_mismatch_recheck\Co18Pb__from_mp-1213266__GdtoCo__radiusmatch_ok.cif,36
Co2O3,mp-504886,Gd->Co,b,4,0.1934351933040443,rejected_radiusmatch_high,,24
Ni2O3,mp-504886,Gd->Ni,b,4,0.1934351933040443,rejected_radiusmatch_high,,24
Mn2O3,mp-504886,Gd->Mn,b,4,0.1635993134714433,rejected_radiusmatch_high,,24
Cr2O3,mp-504886,Gd->Cr,b,4,0.1635993134714433,rejected_radiusmatch_high,,24
MgFe4Rh,mp-1191587,Gd->Fe,f,6,0.28836479618128796,rejected_radiusmatch_high,,84
MgCo4Rh,mp-1191587,Gd->Co,f,6,0.3122234035179784,rejected_radiusmatch_high,,84
MgNi4Rh,mp-1191587,Gd->Ni,f,6,0.3122234035179784,rejected_radiusmatch_high,,84
MgMn4Rh,mp-1191587,Gd->Mn,f,6,0.28836479618128796,rejected_radiusmatch_high,,84
MgCr4Rh,mp-1191587,Gd->Cr,f,6,0.28836479618128796,rejected_radiusmatch_high,,84
Fe4Bi3,mp-1104641,Eu->Fe,c,8,0.18638439078246125,rejected_radiusmatch_high,,48
Co4Bi3,mp-1104641,Eu->Co,c,8,0.2064926007957232,rejected_radiusmatch_high,,48
Ni4Bi3,mp-1104641,Eu->Ni,c,8,0.2064926007957232,rejected_radiusmatch_high,,48
Mn4Bi3,mp-1104641,Eu->Mn,c,8,0.18638439078246125,rejected_radiusmatch_high,,48
Cr4Bi3,mp-1104641,Eu->Cr,c,8,0.18638439078246125,rejected_radiusmatch_high,,48
Fe4As3,mp-20995,Eu->Fe,c,8,0.3076094904953199,rejected_radiusmatch_high,,42
Co4As3,mp-20995,Eu->Co,c,8,0.3337616803052262,rejected_radiusmatch_high,,42
Ni4As3,mp-20995,Eu->Ni,c,8,0.3337616803052262,rejected_radiusmatch_high,,42
Mn4As3,mp-20995,Eu->Mn,c,8,0.3076094904953199,rejected_radiusmatch_high,,42
Cr4As3,mp-20995,Eu->Cr,c,8,0.3076094904953199,rejected_radiusmatch_high,,42
Fe2C3,mp-1189998,Gd->Fe,c,8,0.26849632184138866,rejected_radiusmatch_high,,48
Co2C3,mp-1189998,Gd->Co,c,8,0.29943525652044684,rejected_radiusmatch_high,,48
Ni2C3,mp-1189998,Gd->Ni,c,8,0.29943525652044684,rejected_radiusmatch_high,,48
Mn2C3,mp-1189998,Gd->Mn,c,8,0.26849632184138866,rejected_radiusmatch_high,,48
Cr2C3,mp-1189998,Gd->Cr,c,8,0.26849632184138866,rejected_radiusmatch_high,,48
Fe4Sb3,mp-20831,Gd->Fe,c,8,0.1678833436413661,rejected_radiusmatch_high,,48
Co4Sb3,mp-20831,Gd->Co,c,8,0.18873840334924755,rejected_radiusmatch_high,,48
Ni4Sb3,mp-20831,Gd->Ni,c,8,0.18873840334924755,rejected_radiusmatch_high,,48
Mn4Sb3,mp-20831,Gd->Mn,c,8,0.1678833436413661,rejected_radiusmatch_high,,48
Cr4Sb3,mp-20831,Gd->Cr,c,8,0.1678833436413661,rejected_radiusmatch_high,,48
Fe2Co23B3,mp-1210590,Nd->Fe,c,16,0.42787774099094417,rejected_radiusmatch_high,,256
Co25B3,mp-1210590,Nd->Co,c,16,0.46032950783164733,rejected_radiusmatch_high,,256
Co23Ni2B3,mp-1210590,Nd->Ni,c,16,0.46032950783164733,rejected_radiusmatch_high,,256
Mn2Co23B3,mp-1210590,Nd->Mn,c,16,0.42787774099094417,rejected_radiusmatch_high,,256
Cr2Co23B3,mp-1210590,Nd->Cr,c,16,0.42787774099094417,rejected_radiusmatch_high,,256
Fe25B3,mp-568158,Nd->Fe,c,16,0.4657129449488758,rejected_radiusmatch_high,,256
Fe23Co2B3,mp-568158,Nd->Co,c,16,0.4990246027886229,rejected_radiusmatch_high,,256
Fe23Ni2B3,mp-568158,Nd->Ni,c,16,0.4990246027886229,rejected_radiusmatch_high,,256
Mn2Fe23B3,mp-568158,Nd->Mn,c,16,0.4657129449488758,rejected_radiusmatch_high,,256
Cr2Fe23B3,mp-568158,Nd->Cr,c,16,0.4657129449488758,rejected_radiusmatch_high,,256
Fe23Co6,mp-1194186,Dy->Co,e,6,0.10795411193790437,accepted_radiusmatch_ok,outputs/wyckoff_from_candidates_radius_mismatch_recheck\Fe23Co6__from_mp-1194186__DytoCo__radiusmatch_ok.cif,72
Fe23Ni6,mp-1194186,Dy->Ni,e,6,0.10795411193790437,accepted_radiusmatch_ok,outputs/wyckoff_from_candidates_radius_mismatch_recheck\Fe23Ni6__from_mp-1194186__DytoNi__radiusmatch_ok.cif,72
Mn6Fe23,mp-1194186,Dy->Mn,e,6,0.08816921708187042,accepted_radiusmatch_ok,outputs/wyckoff_from_candidates_radius_mismatch_recheck\Mn6Fe23__from_mp-1194186__DytoMn__radiusmatch_ok.cif,72
Cr6Fe23,mp-1194186,Dy->Cr,e,6,0.08816921708187042,accepted_radiusmatch_ok,outputs/wyckoff_from_candidates_radius_mismatch_recheck\Cr6Fe23__from_mp-1194186__DytoCr__radiusmatch_ok.cif,72
Fe2N,mp-1212961,Eu->Fe,e,8,0.23573921026127861,rejected_radiusmatch_high,,24
Co2N,mp-1212961,Eu->Co,e,8,0.26663269051781047,rejected_radiusmatch_high,,24
Ni2N,mp-1212961,Eu->Ni,e,8,0.26663269051781047,rejected_radiusmatch_high,,24
Mn2N,mp-1212961,Eu->Mn,e,8,0.23573921026127861,rejected_radiusmatch_high,,24
Cr2N,mp-1212961,Eu->Cr,e,8,0.23573921026127861,rejected_radiusmatch_high,,24
AlFe4,mp-1213330,Eu->Fe,e,8,0.12697464562624072,accepted_radiusmatch_ok,outputs/wyckoff_from_candidates_radius_mismatch_recheck\AlFe4__from_mp-1213330__EutoFe__radiusmatch_ok.cif,8
AlCo4,mp-1213330,Eu->Co,e,8,0.14864723496520682,accepted_radiusmatch_ok,outputs/wyckoff_from_candidates_radius_mismatch_recheck\AlCo4__from_mp-1213330__EutoCo__radiusmatch_ok.cif,8
AlNi4,mp-1213330,Eu->Ni,e,8,0.14864723496520682,accepted_radiusmatch_ok,outputs/wyckoff_from_candidates_radius_mismatch_recheck\AlNi4__from_mp-1213330__EutoNi__radiusmatch_ok.cif,8
Mn4Al,mp-1213330,Eu->Mn,e,8,0.12697464562624072,accepted_radiusmatch_ok,outputs/wyckoff_from_candidates_radius_mismatch_recheck\Mn4Al__from_mp-1213330__EutoMn__radiusmatch_ok.cif,8
AlCr4,mp-1213330,Eu->Cr,e,8,0.12697464562624072,accepted_radiusmatch_ok,outputs/wyckoff_from_candidates_radius_mismatch_recheck\AlCr4__from_mp-1213330__EutoCr__radiusmatch_ok.cif,8
Fe4Pd,mp-1213373,Eu->Fe,e,8,0.004844425307176183,accepted_radiusmatch_ok,outputs/wyckoff_from_candidates_radius_mismatch_recheck\Fe4Pd__from_mp-1213373__EutoFe__radiusmatch_ok.cif,8
Co4Pd,mp-1213373,Eu->Co,e,8,0.013249312414512104,accepted_radiusmatch_ok,outputs/wyckoff_from_candidates_radius_mismatch_recheck\Co4Pd__from_mp-1213373__EutoCo__radiusmatch_ok.cif,8
Ni4Pd,mp-1213373,Eu->Ni,e,8,0.013249312414512104,accepted_radiusmatch_ok,outputs/wyckoff_from_candidates_radius_mismatch_recheck\Ni4Pd__from_mp-1213373__EutoNi__radiusmatch_ok.cif,8
Mn4Pd,mp-1213373,Eu->Mn,e,8,0.004844425307176183,accepted_radiusmatch_ok,outputs/wyckoff_from_candidates_radius_mismatch_recheck\Mn4Pd__from_mp-1213373__EutoMn__radiusmatch_ok.cif,8
Cr4Pd,mp-1213373,Eu->Cr,e,8,0.004844425307176183,accepted_radiusmatch_ok,outputs/wyckoff_from_candidates_radius_mismatch_recheck\Cr4Pd__from_mp-1213373__EutoCr__radiusmatch_ok.cif,8
Fe4Pt,mp-1213212,Eu->Fe,e,8,0.012087030125255117,accepted_radiusmatch_ok,outputs/wyckoff_from_candidates_radius_mismatch_recheck\Fe4Pt__from_mp-1213212__EutoFe__radiusmatch_ok.cif,8
Co4Pt,mp-1213212,Eu->Co,e,8,0.030829382534981995,accepted_radiusmatch_ok,outputs/wyckoff_from_candidates_radius_mismatch_recheck\Co4Pt__from_mp-1213212__EutoCo__radiusmatch_ok.cif,8
Ni4Pt,mp-1213212,Eu->Ni,e,8,0.030829382534981995,accepted_radiusmatch_ok,outputs/wyckoff_from_candidates_radius_mismatch_recheck\Ni4Pt__from_mp-1213212__EutoNi__radiusmatch_ok.cif,8
Mn4Pt,mp-1213212,Eu->Mn,e,8,0.012087030125255117,accepted_radiusmatch_ok,outputs/wyckoff_from_candidates_radius_mismatch_recheck\Mn4Pt__from_mp-1213212__EutoMn__radiusmatch_ok.cif,8
Cr4Pt,mp-1213212,Eu->Cr,e,8,0.012087030125255117,accepted_radiusmatch_ok,outputs/wyckoff_from_candidates_radius_mismatch_recheck\Cr4Pt__from_mp-1213212__EutoCr__radiusmatch_ok.cif,8
Fe22O,mp-504491,Dy->Fe,e,6,0.24044100829408532,rejected_radiusmatch_high,,6
Mn16Fe14O45,mp-698613,La->Fe,a,75,0.35220738701708787,rejected_radiusmatch_high,,247
Mn16Co14O45,mp-698613,La->Co,a,75,0.38687937129957717,rejected_radiusmatch_high,,247
Mn16Ni14O45,mp-698613,La->Ni,a,75,0.38687937129957717,rejected_radiusmatch_high,,247
Mn16Cr14O45,mp-698613,La->Cr,a,75,0.35220738701708787,rejected_radiusmatch_high,,247
Mn16(Fe5O16)3,mp-772954,La->Fe,a,79,0.3192238198725279,rejected_radiusmatch_high,,243
Mn16(Co5O16)3,mp-772954,La->Co,a,79,0.35305007166413105,rejected_radiusmatch_high,,243
Mn16(Ni5O16)3,mp-772954,La->Ni,a,79,0.35305007166413105,rejected_radiusmatch_high,,243
Mn31O48,mp-772954,La->Mn,a,79,0.3192238198725279,rejected_radiusmatch_high,,243
Mn16Cr15O48,mp-772954,La->Cr,a,79,0.3192238198725279,rejected_radiusmatch_high,,243
Mn17O27,mp-705870,La->Mn,a,88,0.33347909806226084,rejected_radiusmatch_high,,268
Mn35O54,mp-531223,La->Mn,a,89,0.3244633139008539,rejected_radiusmatch_high,,274
Mn19Fe19O60,mp-685375,La->Fe,a,98,0.3427148883187552,rejected_radiusmatch_high,,299
Mn19Co19O60,mp-685375,La->Co,a,98,0.37714347519872315,rejected_radiusmatch_high,,299
Mn19Ni19O60,mp-685375,La->Ni,a,98,0.37714347519872315,rejected_radiusmatch_high,,299
Mn19O30,mp-685375,La->Mn,a,98,0.3427148883187552,rejected_radiusmatch_high,,299
Mn19Cr19O60,mp-685375,La->Cr,a,98,0.3427148883187552,rejected_radiusmatch_high,,299
Sm2Co13AgO20,mp-1076492,La->Co,a,144,0.34978469339784474,rejected_radiusmatch_high,,378
La6Co9AgO20,mp-1076492,Sm->Co,a,144,0.34978469339784474,rejected_radiusmatch_high,,378
SmMn6Fe9O20,mp-1076797,La->Fe,a,144,0.2930415699161042,rejected_radiusmatch_high,,414
La7Mn6Fe3O20,mp-1076797,Sm->Fe,a,144,0.2930415699161042,rejected_radiusmatch_high,,414
SmMn5(FeO2)10,mp-1099861,La->Fe,a,144,0.29659170055468254,rejected_radiusmatch_high,,410
La7Mn5(FeO5)4,mp-1099861,Sm->Fe,a,144,0.29659170055468254,rejected_radiusmatch_high,,410
SmMn7(Fe2O5)4,mp-1099704,La->Fe,a,144,0.28843208546021115,rejected_radiusmatch_high,,417
La7Mn7(FeO10)2,mp-1099704,Sm->Fe,a,144,0.28843208546021115,rejected_radiusmatch_high,,417
SmMn15O20,mp-1099865,La->Mn,a,144,0.2886525619309936,rejected_radiusmatch_high,,420
La7Mn9O20,mp-1099865,Sm->Mn,a,144,0.2886525619309936,rejected_radiusmatch_high,,420
Mn40O59,mp-1173621,Nd->Mn,a,99,0.3068379395397276,rejected_radiusmatch_high,,270
CrFe37C4,mp-1219272,Sm->Fe,a,42,0.3397879170671828,rejected_radiusmatch_high,,167
CrFe33(CoC)4,mp-1219272,Sm->Co,a,42,0.32778406101385893,rejected_radiusmatch_high,,167
CrFe33(NiC)4,mp-1219272,Sm->Ni,a,42,0.32778406101385893,rejected_radiusmatch_high,,167
Mn4CrFe33C4,mp-1219272,Sm->Mn,a,42,0.3397879170671828,rejected_radiusmatch_high,,167
Cr5Fe33C4,mp-1219272,Sm->Cr,a,42,0.3397879170671828,rejected_radiusmatch_high,,167
Fe35(CoC2)3,mp-1219351,Sm->Fe,a,44,0.33034952608350004,rejected_radiusmatch_high,,124
Fe31Co7C6,mp-1219351,Sm->Co,a,44,0.3181740629213819,rejected_radiusmatch_high,,124
Fe35Co3,mp-1219400,Sm->Fe,a,38,0.17722607208333013,rejected_radiusmatch_high,,364
Fe31Co7,mp-1219400,Sm->Co,a,38,0.19863018248484512,rejected_radiusmatch_high,,364
Fe31Co3Ni4,mp-1219400,Sm->Ni,a,38,0.19863018248484512,rejected_radiusmatch_high,,364
Mn4Fe31Co3,mp-1219400,Sm->Mn,a,38,0.17722607208333013,rejected_radiusmatch_high,,364
Cr4Fe31Co3,mp-1219400,Sm->Cr,a,38,0.17722607208333013,rejected_radiusmatch_high,,364
Ga3Fe35,mp-1219432,Sm->Fe,a,38,0.22212073109478245,rejected_radiusmatch_high,,343
Ga3Fe31Co4,mp-1219432,Sm->Co,a,38,0.24517961281355186,rejected_radiusmatch_high,,343
Ga3Fe31Ni4,mp-1219432,Sm->Ni,a,38,0.24517961281355186,rejected_radiusmatch_high,,343
Mn4Ga3Fe31,mp-1219432,Sm->Mn,a,38,0.22212073109478245,rejected_radiusmatch_high,,343
Cr4Ga3Fe31,mp-1219432,Sm->Cr,a,38,0.22212073109478245,rejected_radiusmatch_high,,343
TiFe37N4,mp-1219360,Sm->Fe,a,42,0.32866608133465286,rejected_radiusmatch_high,,170
TiFe33(CoN)4,mp-1219360,Sm->Co,a,42,0.316460010086192,rejected_radiusmatch_high,,170
TiFe33(NiN)4,mp-1219360,Sm->Ni,a,42,0.316460010086192,rejected_radiusmatch_high,,170
TiMn4Fe33N4,mp-1219360,Sm->Mn,a,42,0.32866608133465286,rejected_radiusmatch_high,,170
TiCr4Fe33N4,mp-1219360,Sm->Cr,a,42,0.32866608133465286,rejected_radiusmatch_high,,170
Sr2Mg4Fe26O45,mp-1173278,La->Fe,a,77,0.34768858732704544,rejected_radiusmatch_high,,251
Sr2Mg4Fe12Co14O45,mp-1173278,La->Co,a,77,0.3822447049508157,rejected_radiusmatch_high,,251
Sr2Mg4Fe12Ni14O45,mp-1173278,La->Ni,a,77,0.3822447049508157,rejected_radiusmatch_high,,251
Sr2Mg4Mn14(Fe4O15)3,mp-1173278,La->Mn,a,77,0.34768858732704544,rejected_radiusmatch_high,,251
Sr2Mg4Cr14(Fe4O15)3,mp-1173278,La->Cr,a,77,0.34768858732704544,rejected_radiusmatch_high,,251
Ba5Fe15O26,mp-1228898,Eu->Fe,i,42,0.5558928214492902,rejected_radiusmatch_high,,164
Fe33Si5,mp-1226270,Er->Fe,i,34,0.2219444130970203,rejected_radiusmatch_high,,304
Fe38C3,mp-1225867,Er->Fe,i,38,0.33905545379829716,rejected_radiusmatch_high,,182
Fe34Co4C3,mp-1225867,Er->Co,i,38,0.3270382802309935,rejected_radiusmatch_high,,182
Fe34Ni4C3,mp-1225867,Er->Ni,i,38,0.3270382802309935,rejected_radiusmatch_high,,182
Mn4Fe34C3,mp-1225867,Er->Mn,i,38,0.33905545379829716,rejected_radiusmatch_high,,182
Cr4Fe34C3,mp-1225867,Er->Cr,i,38,0.33905545379829716,rejected_radiusmatch_high,,182
In3Fe8,mp-1192827,Eu->Fe,i,20,0.2436579439850179,rejected_radiusmatch_high,,100
In3Co8,mp-1192827,Eu->Co,i,20,0.2651003223295871,rejected_radiusmatch_high,,100
In3Ni8,mp-1192827,Eu->Ni,i,20,0.2651003223295871,rejected_radiusmatch_high,,100
Mn8In3,mp-1192827,Eu->Mn,i,20,0.2436579439850179,rejected_radiusmatch_high,,100
Cr8In3,mp-1192827,Eu->Cr,i,20,0.2436579439850179,rejected_radiusmatch_high,,100
Fe4Ge3O13,mp-1200081,Gd->Fe,i,40,0.3405174405879084,rejected_radiusmatch_high,,114
Co4Ge3O13,mp-1200081,Gd->Co,i,40,0.32783508367613745,rejected_radiusmatch_high,,114
Ni4Ge3O13,mp-1200081,Gd->Ni,i,40,0.32783508367613745,rejected_radiusmatch_high,,114
Mn4Ge3O13,mp-1200081,Gd->Mn,i,40,0.3405174405879084,rejected_radiusmatch_high,,114
Cr4Ge3O13,mp-1200081,Gd->Cr,i,40,0.3405174405879084,rejected_radiusmatch_high,,114
Mn9(FeO3)10,mp-530985,La->Fe,i,96,0.3323008250960384,rejected_radiusmatch_high,,278
Mn9(CoO3)10,mp-530985,La->Co,i,96,0.3664623847138854,rejected_radiusmatch_high,,278
Mn9(NiO3)10,mp-530985,La->Ni,i,96,0.3664623847138854,rejected_radiusmatch_high,,278
Mn9Cr10O30,mp-530985,La->Cr,i,96,0.3323008250960384,rejected_radiusmatch_high,,278
Mn29O48,mp-531911,La->Mn,i,76,0.3378901008680396,rejected_radiusmatch_high,,232
Mn15(FeO3)16,mp-758301,La->Fe,i,78,0.3319078238091422,rejected_radiusmatch_high,,224
Mn15(CoO3)16,mp-758301,La->Co,i,78,0.33157774988460426,rejected_radiusmatch_high,,224
Mn15(NiO3)16,mp-758301,La->Ni,i,78,0.33157774988460426,rejected_radiusmatch_high,,224
Mn15Cr16O48,mp-758301,La->Cr,i,78,0.3319078238091422,rejected_radiusmatch_high,,224
Mn7(FeO3)8,mp-531566,La->Fe,i,76,0.3313015410130922,rejected_radiusmatch_high,,216
Mn7(CoO3)8,mp-531566,La->Co,i,76,0.35771267871435286,rejected_radiusmatch_high,,216
Mn7(NiO3)8,mp-531566,La->Ni,i,76,0.35771267871435286,rejected_radiusmatch_high,,216
Mn5O8,mp-531566,La->Mn,i,76,0.3313015410130922,rejected_radiusmatch_high,,216
Mn7Cr8O24,mp-531566,La->Cr,i,76,0.3313015410130922,rejected_radiusmatch_high,,216
Mn10(Fe3O10)3,mp-530617,La->Fe,i,98,0.34170378088986086,rejected_radiusmatch_high,,312
Mn10(Co3O10)3,mp-530617,La->Co,i,98,0.3761064419383187,rejected_radiusmatch_high,,312
Mn10(Ni3O10)3,mp-530617,La->Ni,i,98,0.3761064419383187,rejected_radiusmatch_high,,312
Mn10Cr9O30,mp-530617,La->Cr,i,98,0.34170378088986086,rejected_radiusmatch_high,,312
Mn13O20,mp-1173614,Nd->Mn,i,96,0.32800279103186714,rejected_radiusmatch_high,,262
Mn11Nb5O28,mp-1229284,Eu->Mn,c,40,0.3282499276504038,rejected_radiusmatch_high,,112
Fe76C3,mp-1225150,Ho->Fe,a,16,0.14469143816471844,accepted_radiusmatch_ok,outputs/wyckoff_from_candidates_radius_mismatch_recheck\Fe76C3__from_mp-1225150__HotoFe__radiusmatch_ok.cif,160
Pr3Fe35,mp-1227066,Ce->Fe,a,14,0.1854434871200171,rejected_radiusmatch_high,,156
Pr3Fe34Co,mp-1227066,Ce->Co,a,14,0.2069970050676537,rejected_radiusmatch_high,,156
Pr3Fe34Ni,mp-1227066,Ce->Ni,a,14,0.2069970050676537,rejected_radiusmatch_high,,156
Pr3MnFe34,mp-1227066,Ce->Mn,a,14,0.1854434871200171,rejected_radiusmatch_high,,156
Pr3CrFe34,mp-1227066,Ce->Cr,a,14,0.1854434871200171,rejected_radiusmatch_high,,156
CeFe37,mp-1227066,Pr->Fe,a,14,0.1854434871200171,rejected_radiusmatch_high,,156
CeFe34Co3,mp-1227066,Pr->Co,a,14,0.2069970050676537,rejected_radiusmatch_high,,156
CeFe34Ni3,mp-1227066,Pr->Ni,a,14,0.2069970050676537,rejected_radiusmatch_high,,156
CeMn3Fe34,mp-1227066,Pr->Mn,a,14,0.1854434871200171,rejected_radiusmatch_high,,156
CeCr3Fe34,mp-1227066,Pr->Cr,a,14,0.1854434871200171,rejected_radiusmatch_high,,156
V4Fe35,mp-1217799,Tb->Fe,a,27,0.19354338862565595,rejected_radiusmatch_high,,232
V4Fe32Co3,mp-1217799,Tb->Co,a,27,0.17987879963880313,rejected_radiusmatch_high,,232
V4Fe32Ni3,mp-1217799,Tb->Ni,a,27,0.17987879963880313,rejected_radiusmatch_high,,232
Mn3(VFe8)4,mp-1217799,Tb->Mn,a,27,0.19354338862565595,rejected_radiusmatch_high,,232
V4Cr3Fe32,mp-1217799,Tb->Cr,a,27,0.19354338862565595,rejected_radiusmatch_high,,232
Tb3Fe35,mp-1217666,Nd->Fe,a,14,0.1772911410543018,rejected_radiusmatch_high,,155
TbFe37,mp-1217543,Nd->Fe,a,14,0.18332354440004775,rejected_radiusmatch_high,,160
Nd3Fe35,mp-1217543,Tb->Fe,a,14,0.18332354440004775,rejected_radiusmatch_high,,160
Nd3Fe34Co,mp-1220953,Er->Co,a,14,0.1962879084162126,rejected_radiusmatch_high,,152
Nd3Fe34Ni,mp-1220953,Er->Ni,a,14,0.1962879084162126,rejected_radiusmatch_high,,152
Nd3MnFe34,mp-1220953,Er->Mn,a,14,0.17492562433735173,rejected_radiusmatch_high,,152
Nd3CrFe34,mp-1220953,Er->Cr,a,14,0.17492562433735173,rejected_radiusmatch_high,,152
ErFe37,mp-1220953,Nd->Fe,a,14,0.17492562433735173,rejected_radiusmatch_high,,152
ErFe34Co3,mp-1220953,Nd->Co,a,14,0.1962879084162126,rejected_radiusmatch_high,,152
ErFe34Ni3,mp-1220953,Nd->Ni,a,14,0.1962879084162126,rejected_radiusmatch_high,,152
ErMn3Fe34,mp-1220953,Nd->Mn,a,14,0.17492562433735173,rejected_radiusmatch_high,,152
ErCr3Fe34,mp-1220953,Nd->Cr,a,14,0.17492562433735173,rejected_radiusmatch_high,,152
NdFe34Co3,mp-1220333,Er->Co,a,14,0.19473181695925812,rejected_radiusmatch_high,,159
NdFe34Ni3,mp-1220333,Er->Ni,a,14,0.19473181695925812,rejected_radiusmatch_high,,159
NdMn3Fe34,mp-1220333,Er->Mn,a,14,0.17339732022784288,rejected_radiusmatch_high,,159
NdCr3Fe34,mp-1220333,Er->Cr,a,14,0.17339732022784288,rejected_radiusmatch_high,,159
DyFe37,mp-1219904,Pr->Fe,a,14,0.18357578162933694,rejected_radiusmatch_high,,155
DyFe34Co3,mp-1219904,Pr->Co,a,14,0.2050953412953248,rejected_radiusmatch_high,,155
DyFe34Ni3,mp-1219904,Pr->Ni,a,14,0.2050953412953248,rejected_radiusmatch_high,,155
DyMn3Fe34,mp-1219904,Pr->Mn,a,14,0.18357578162933694,rejected_radiusmatch_high,,155
DyCr3Fe34,mp-1219904,Pr->Cr,a,14,0.18357578162933694,rejected_radiusmatch_high,,155
AlFe37,mp-1219956,Pr->Fe,a,14,0.20024556521106654,rejected_radiusmatch_high,,160
Cr3Fe35,mp-1219348,Sm->Fe,a,14,0.21171836664897495,rejected_radiusmatch_high,,131
Cr7Fe31,mp-1219348,Sm->Cr,a,14,0.21171836664897495,rejected_radiusmatch_high,,131
CrFe37,mp-1219321,Sm->Fe,a,14,0.17878175037262825,rejected_radiusmatch_high,,142
CrFe33Co4,mp-1219321,Sm->Co,a,14,0.19975972133183587,rejected_radiusmatch_high,,142
CrFe33Ni4,mp-1219321,Sm->Ni,a,14,0.19975972133183587,rejected_radiusmatch_high,,142
Mn4CrFe33,mp-1219321,Sm->Mn,a,14,0.17878175037262825,rejected_radiusmatch_high,,142
Cr5Fe33,mp-1219321,Sm->Cr,a,14,0.17878175037262825,rejected_radiusmatch_high,,142
ZrFe37,mp-1219455,Sm->Fe,a,14,0.17680020030784585,rejected_radiusmatch_high,,144
ZrFe33Co4,mp-1219455,Sm->Co,a,14,0.19819656758617024,rejected_radiusmatch_high,,144
ZrFe33Ni4,mp-1219455,Sm->Ni,a,14,0.19819656758617024,rejected_radiusmatch_high,,144
ZrMn4Fe33,mp-1219455,Sm->Mn,a,14,0.17680020030784585,rejected_radiusmatch_high,,144
ZrCr4Fe33,mp-1219455,Sm->Cr,a,14,0.17680020030784585,rejected_radiusmatch_high,,144
TiFe37,mp-1219364,Sm->Fe,a,14,0.1739229081669491,rejected_radiusmatch_high,,142
TiFe33Co4,mp-1219364,Sm->Co,a,14,0.19526696104271177,rejected_radiusmatch_high,,142
TiFe33Ni4,mp-1219364,Sm->Ni,a,14,0.19526696104271177,rejected_radiusmatch_high,,142
TiMn4Fe33,mp-1219364,Sm->Mn,a,14,0.1739229081669491,rejected_radiusmatch_high,,142
TiCr4Fe33,mp-1219364,Sm->Cr,a,14,0.1739229081669491,rejected_radiusmatch_high,,142
Mn12Fe11O36,mp-530347,La->Fe,f,96,0.3376006273222911,rejected_radiusmatch_high,,320
Mn12Co11O36,mp-530347,La->Co,f,96,0.37189807930491386,rejected_radiusmatch_high,,320
Mn12Ni11O36,mp-530347,La->Ni,f,96,0.37189807930491386,rejected_radiusmatch_high,,320
Mn23O36,mp-530347,La->Mn,f,96,0.3376006273222911,rejected_radiusmatch_high,,320
Mn12Cr11O36,mp-530347,La->Cr,f,96,0.3376006273222911,rejected_radiusmatch_high,,320
Mn16Sb13,mp-1204179,Eu->Mn,h,4,0.21492874076155263,rejected_radiusmatch_high,,24
Zn6Fe11Sb12,mp-1193786,Eu->Fe,i,28,0.2575788188019659,rejected_radiusmatch_high,,112
Zn6Co11Sb12,mp-1193786,Eu->Co,i,28,0.28086731544644666,rejected_radiusmatch_high,,112
Zn6Ni11Sb12,mp-1193786,Eu->Ni,i,28,0.28086731544644666,rejected_radiusmatch_high,,112
Mn11(ZnSb2)6,mp-1193786,Eu->Mn,i,28,0.2575788188019659,rejected_radiusmatch_high,,112
Zn6Cr11Sb12,mp-1193786,Eu->Cr,i,28,0.2575788188019659,rejected_radiusmatch_high,,112
Ga3Fe5,mp-1213313,Eu->Fe,h,2,0.2569014467854964,rejected_radiusmatch_high,,12
Ga3Co5,mp-1213313,Eu->Co,h,2,0.2806165684229585,rejected_radiusmatch_high,,12
Ga3Ni5,mp-1213313,Eu->Ni,h,2,0.2806165684229585,rejected_radiusmatch_high,,12
Mn5Ga3,mp-1213313,Eu->Mn,h,2,0.2569014467854964,rejected_radiusmatch_high,,12
Cr5Ga3,mp-1213313,Eu->Cr,h,2,0.2569014467854964,rejected_radiusmatch_high,,12
Fe19N2,mp-1225193,Gd->Fe,i,6,0.20466864815654454,rejected_radiusmatch_high,,24
Fe17(CoN)2,mp-1225193,Gd->Co,i,6,0.23478536436045805,rejected_radiusmatch_high,,24
Fe17(NiN)2,mp-1225193,Gd->Ni,i,6,0.23478536436045805,rejected_radiusmatch_high,,24
Mn2Fe17N2,mp-1225193,Gd->Mn,i,6,0.20466864815654454,rejected_radiusmatch_high,,24
Cr2Fe17N2,mp-1225193,Gd->Cr,i,6,0.20466864815654454,rejected_radiusmatch_high,,24
Ti2Fe2O7,mp-686465,Gd->Fe,b,48,0.31349943562323246,rejected_radiusmatch_high,,140
Ti2Co2O7,mp-686465,Gd->Co,b,48,0.3010176071800185,rejected_radiusmatch_high,,140
Ti2Ni2O7,mp-686465,Gd->Ni,b,48,0.3010176071800185,rejected_radiusmatch_high,,140
Ti2Mn2O7,mp-686465,Gd->Mn,b,48,0.31349943562323246,rejected_radiusmatch_high,,140
Ti2Cr2O7,mp-686465,Gd->Cr,b,48,0.31349943562323246,rejected_radiusmatch_high,,140
Fe29Co3,mp-1198423,Ho->Co,a,1,0.16364075558475993,rejected_radiusmatch_high,,20
Fe29Ni3,mp-1198423,Ho->Ni,a,1,0.16364075558475993,rejected_radiusmatch_high,,20
Mn3Fe29,mp-1198423,Ho->Mn,a,1,0.1428614563778893,accepted_radiusmatch_ok,outputs/wyckoff_from_candidates_radius_mismatch_recheck\Mn3Fe29__from_mp-1198423__HotoMn__radiusmatch_ok.cif,20
Cr3Fe29,mp-1198423,Ho->Cr,a,1,0.1428614563778893,accepted_radiusmatch_ok,outputs/wyckoff_from_candidates_radius_mismatch_recheck\Cr3Fe29__from_mp-1198423__HotoCr__radiusmatch_ok.cif,20
Fe3O4,mp-1194793,Lu->Fe,i,14,0.3070639154941651,rejected_radiusmatch_high,,44
Fe2Sb3,mp-1213665,Eu->Fe,e,2,0.20524373382227365,rejected_radiusmatch_high,,12
Co2Sb3,mp-1213665,Eu->Co,e,2,0.22676594335481418,rejected_radiusmatch_high,,12
Ni2Sb3,mp-1213665,Eu->Ni,e,2,0.22676594335481418,rejected_radiusmatch_high,,12
Mn2Sb3,mp-1213665,Eu->Mn,e,2,0.20524373382227365,rejected_radiusmatch_high,,12
Cr2Sb3,mp-1213665,Eu->Cr,e,2,0.20524373382227365,rejected_radiusmatch_high,,12
Fe2As3,mp-1213423,Eu->Fe,e,2,0.2671717407020638,rejected_radiusmatch_high,,16
Co2As3,mp-1213423,Eu->Co,e,2,0.29251517551610495,rejected_radiusmatch_high,,16
Ni2As3,mp-1213423,Eu->Ni,e,2,0.29251517551610495,rejected_radiusmatch_high,,16
Mn2As3,mp-1213423,Eu->Mn,e,2,0.2671717407020638,rejected_radiusmatch_high,,16
Cr2As3,mp-1213423,Eu->Cr,e,2,0.2671717407020638,rejected_radiusmatch_high,,16
Co3O4,mp-1178357,Eu->Co,e,28,0.3263071435491771,rejected_radiusmatch_high,,72
Fe2SiO4,mp-554546,Eu->Fe,e,28,0.3616307503036764,rejected_radiusmatch_high,,76
Co2SiO4,mp-554546,Eu->Co,e,28,0.3965443592858218,rejected_radiusmatch_high,,76
Si(NiO2)2,mp-554546,Eu->Ni,e,28,0.3965443592858218,rejected_radiusmatch_high,,76
Mn2SiO4,mp-554546,Eu->Mn,e,28,0.3616307503036764,rejected_radiusmatch_high,,76
Cr2SiO4,mp-554546,Eu->Cr,e,28,0.3616307503036764,rejected_radiusmatch_high,,76
TlFe2Cl5,mp-1213054,Eu->Fe,e,32,0.4130104349577222,rejected_radiusmatch_high,,152
TlCo2Cl5,mp-1213054,Eu->Co,e,32,0.44307448676533323,rejected_radiusmatch_high,,152
TlNi2Cl5,mp-1213054,Eu->Ni,e,32,0.44307448676533323,rejected_radiusmatch_high,,152
Mn2TlCl5,mp-1213054,Eu->Mn,e,32,0.4130104349577222,rejected_radiusmatch_high,,152
TlCr2Cl5,mp-1213054,Eu->Cr,e,32,0.4130104349577222,rejected_radiusmatch_high,,152
Fe2GeO5,mp-561584,Gd->Fe,e,32,0.35172699529902224,rejected_radiusmatch_high,,96
Co2GeO5,mp-561584,Gd->Co,e,32,0.3392602067470804,rejected_radiusmatch_high,,96
Ni2GeO5,mp-561584,Gd->Ni,e,32,0.3392602067470804,rejected_radiusmatch_high,,96
Mn2GeO5,mp-561584,Gd->Mn,e,32,0.35172699529902224,rejected_radiusmatch_high,,96
Cr2GeO5,mp-561584,Gd->Cr,e,32,0.35172699529902224,rejected_radiusmatch_high,,96
Fe2P4O13,mp-780240,Gd->Fe,e,76,0.37541291339942534,rejected_radiusmatch_high,,172
Co2P4O13,mp-780240,Gd->Co,e,76,0.36212382645047697,rejected_radiusmatch_high,,172
Ni2P4O13,mp-780240,Gd->Ni,e,76,0.36212382645047697,rejected_radiusmatch_high,,172
Mn2P4O13,mp-780240,Gd->Mn,e,76,0.37541291339942534,rejected_radiusmatch_high,,172
Cr2P4O13,mp-780240,Gd->Cr,e,76,0.37541291339942534,rejected_radiusmatch_high,,172
Fe2SiO5,mp-542831,Gd->Fe,e,32,0.36070436215526425,rejected_radiusmatch_high,,96
Co2SiO5,mp-542831,Gd->Co,e,32,0.34765751240333087,rejected_radiusmatch_high,,96
SiNi2O5,mp-542831,Gd->Ni,e,32,0.34765751240333087,rejected_radiusmatch_high,,96
Mn2SiO5,mp-542831,Gd->Mn,e,32,0.36070436215526425,rejected_radiusmatch_high,,96
Cr2SiO5,mp-542831,Gd->Cr,e,32,0.36070436215526425,rejected_radiusmatch_high,,96
Fe2W4O15,mp-778262,Gd->Fe,e,84,0.36116256622517684,rejected_radiusmatch_high,,160
Co2W4O15,mp-778262,Gd->Co,e,84,0.34933224337749497,rejected_radiusmatch_high,,160
Ni2W4O15,mp-778262,Gd->Ni,e,84,0.34933224337749497,rejected_radiusmatch_high,,160
Mn2W4O15,mp-778262,Gd->Mn,e,84,0.36116256622517684,rejected_radiusmatch_high,,160
Cr2W4O15,mp-778262,Gd->Cr,e,84,0.36116256622517684,rejected_radiusmatch_high,,160
Zr2Fe2O7,mp-780342,Gd->Fe,e,44,0.31639825199312493,rejected_radiusmatch_high,,144
Zr2Co2O7,mp-780342,Gd->Co,e,44,0.3046120149585237,rejected_radiusmatch_high,,144
Zr2Ni2O7,mp-780342,Gd->Ni,e,44,0.3046120149585237,rejected_radiusmatch_high,,144
Zr2Mn2O7,mp-780342,Gd->Mn,e,44,0.31639825199312493,rejected_radiusmatch_high,,144
Zr2Cr2O7,mp-780342,Gd->Cr,e,44,0.31639825199312493,rejected_radiusmatch_high,,144
Fe4(SiS4)3,mp-1199792,Gd->Fe,e,76,0.2827190917350666,rejected_radiusmatch_high,,208
Co4(SiS4)3,mp-1199792,Gd->Co,e,76,0.3100109873038977,rejected_radiusmatch_high,,208
Si3(NiS3)4,mp-1199792,Gd->Ni,e,76,0.3100109873038977,rejected_radiusmatch_high,,208
Mn4(SiS4)3,mp-1199792,Gd->Mn,e,76,0.2827190917350666,rejected_radiusmatch_high,,208
Cr4(SiS4)3,mp-1199792,Gd->Cr,e,76,0.2827190917350666,rejected_radiusmatch_high,,208
Mn11(FeO3)12,mp-530455,La->Fe,e,112,0.3318453926406424,rejected_radiusmatch_high,,352
Mn11(CoO3)12,mp-530455,La->Co,e,112,0.3629479173715903,rejected_radiusmatch_high,,352
Mn11(NiO3)12,mp-530455,La->Ni,e,112,0.3629479173715903,rejected_radiusmatch_high,,352
Mn11Cr12O36,mp-530455,La->Cr,e,112,0.3318453926406424,rejected_radiusmatch_high,,352
FeMo5O8,mp-3911,La->Fe,e,56,0.26968599203205534,rejected_radiusmatch_high,,204
CoMo5O8,mp-3911,La->Co,e,56,0.30224204310980024,rejected_radiusmatch_high,,204
NiMo5O8,mp-3911,La->Ni,e,56,0.30224204310980024,rejected_radiusmatch_high,,204
MnMo5O8,mp-3911,La->Mn,e,56,0.26968599203205534,rejected_radiusmatch_high,,204
CrMo5O8,mp-3911,La->Cr,e,56,0.26968599203205534,rejected_radiusmatch_high,,204
Na8Fe2O7,mp-780360,Gd->Fe,e,68,0.34401531960692355,rejected_radiusmatch_high,,212
Na8Co2O7,mp-780360,Gd->Co,e,68,0.37847725087889583,rejected_radiusmatch_high,,212
Na8Ni2O7,mp-780360,Gd->Ni,e,68,0.37847725087889583,rejected_radiusmatch_high,,212
Na8Mn2O7,mp-780360,Gd->Mn,e,68,0.34401531960692355,rejected_radiusmatch_high,,212
Na8Cr2O7,mp-780360,Gd->Cr,e,68,0.34401531960692355,rejected_radiusmatch_high,,212
Fe5Pd2,mp-1104610,Eu->Fe,f,12,0.17751921512058844,rejected_radiusmatch_high,,48
Co5Pd2,mp-1104610,Eu->Co,f,12,0.19892865539550816,rejected_radiusmatch_high,,48
Ni5Pd2,mp-1104610,Eu->Ni,f,12,0.19892865539550816,rejected_radiusmatch_high,,48
Mn5Pd2,mp-1104610,Eu->Mn,f,12,0.17751921512058844,rejected_radiusmatch_high,,48
Cr5Pd2,mp-1104610,Eu->Cr,f,12,0.17751921512058844,rejected_radiusmatch_high,,48
Fe4Mo7O27,mp-704325,Gd->Fe,f,152,0.39110161309603536,rejected_radiusmatch_high,,340
Co4Mo7O27,mp-704325,Gd->Co,f,152,0.3802284276156075,rejected_radiusmatch_high,,340
Ni4Mo7O27,mp-704325,Gd->Ni,f,152,0.3802284276156075,rejected_radiusmatch_high,,340
Mn4Mo7O27,mp-704325,Gd->Mn,f,152,0.39110161309603536,rejected_radiusmatch_high,,340
Cr4Mo7O27,mp-704325,Gd->Cr,f,152,0.39110161309603536,rejected_radiusmatch_high,,340
Fe6Mo10O39,mp-1195215,Gd->Fe,f,108,0.3826696928947795,rejected_radiusmatch_high,,224
Co6Mo10O39,mp-1195215,Gd->Co,f,108,0.37164593741075774,rejected_radiusmatch_high,,224
Ni6Mo10O39,mp-1195215,Gd->Ni,f,108,0.37164593741075774,rejected_radiusmatch_high,,224
Mn6Mo10O39,mp-1195215,Gd->Mn,f,108,0.3826696928947795,rejected_radiusmatch_high,,224
Cr6Mo10O39,mp-1195215,Gd->Cr,f,108,0.3826696928947795,rejected_radiusmatch_high,,224
Fe16Sb11,mp-1227931,Eu->Fe,c,44,0.25207258128277193,rejected_radiusmatch_high,,224
Co16Sb11,mp-1227931,Eu->Co,c,44,0.2744310202342499,rejected_radiusmatch_high,,224
Ni16Sb11,mp-1227931,Eu->Ni,c,44,0.2744310202342499,rejected_radiusmatch_high,,224
Mn16Sb11,mp-1227931,Eu->Mn,c,44,0.25207258128277193,rejected_radiusmatch_high,,224
Cr16Sb11,mp-1227931,Eu->Cr,c,44,0.25207258128277193,rejected_radiusmatch_high,,224
NbFe3O7,mp-770993,Eu->Fe,a,44,0.3271546113753203,rejected_radiusmatch_high,,132
NbCo3O7,mp-770993,Eu->Co,a,44,0.31664140217805975,rejected_radiusmatch_high,,132
NbNi3O7,mp-770993,Eu->Ni,a,44,0.31664140217805975,rejected_radiusmatch_high,,132
Mn3NbO7,mp-770993,Eu->Mn,a,44,0.3271546113753203,rejected_radiusmatch_high,,132
NbCr3O7,mp-770993,Eu->Cr,a,44,0.3271546113753203,rejected_radiusmatch_high,,132
Fe3MoO7,mp-1213342,Eu->Fe,a,44,0.3482670255306863,rejected_radiusmatch_high,,136
Co3MoO7,mp-1213342,Eu->Co,a,44,0.3470494352288358,rejected_radiusmatch_high,,136
Ni3MoO7,mp-1213342,Eu->Ni,a,44,0.3470494352288358,rejected_radiusmatch_high,,136
Mn3MoO7,mp-1213342,Eu->Mn,a,44,0.3482670255306863,rejected_radiusmatch_high,,136
Cr3MoO7,mp-1213342,Eu->Cr,a,44,0.3482670255306863,rejected_radiusmatch_high,,136
Fe2TeO6,mp-17583,Gd->Fe,a,36,0.32218630474545573,rejected_radiusmatch_high,,100
Co2TeO6,mp-17583,Gd->Co,a,36,0.30986241937719133,rejected_radiusmatch_high,,100
Ni2TeO6,mp-17583,Gd->Ni,a,36,0.30986241937719133,rejected_radiusmatch_high,,100
Mn2TeO6,mp-17583,Gd->Mn,a,36,0.32218630474545573,rejected_radiusmatch_high,,100
Cr2TeO6,mp-17583,Gd->Cr,a,36,0.32218630474545573,rejected_radiusmatch_high,,100
Li2Fe5Sn7,mp-1212398,Eu->Fe,a,56,0.27376658182308106,rejected_radiusmatch_high,,300
Li2Co5Sn7,mp-1212398,Eu->Co,a,56,0.2965124136413503,rejected_radiusmatch_high,,300
Li2Ni5Sn7,mp-1212398,Eu->Ni,a,56,0.2965124136413503,rejected_radiusmatch_high,,300
Li2Mn5Sn7,mp-1212398,Eu->Mn,a,56,0.27376658182308106,rejected_radiusmatch_high,,300
Li2Cr5Sn7,mp-1212398,Eu->Cr,a,56,0.27376658182308106,rejected_radiusmatch_high,,300
Fe2W2O9,mp-1178333,Gd->Fe,c,36,0.33828320281280505,rejected_radiusmatch_high,,68
Co2W2O9,mp-1178333,Gd->Co,c,36,0.3277797615876115,rejected_radiusmatch_high,,68
Ni2W2O9,mp-1178333,Gd->Ni,c,36,0.3277797615876115,rejected_radiusmatch_high,,68
Mn2W2O9,mp-1178333,Gd->Mn,c,36,0.33828320281280505,rejected_radiusmatch_high,,68
Cr2W2O9,mp-1178333,Gd->Cr,c,36,0.33828320281280505,rejected_radiusmatch_high,,68
Cr3FeS6,mp-530588,Dy->Fe,a,28,0.27976086380153736,rejected_radiusmatch_high,,128
Cr3CoS6,mp-530588,Dy->Co,a,28,0.30698981835050615,rejected_radiusmatch_high,,128
Cr3NiS6,mp-530588,Dy->Ni,a,28,0.30698981835050615,rejected_radiusmatch_high,,128
Mn(CrS2)3,mp-530588,Dy->Mn,a,28,0.27976086380153736,rejected_radiusmatch_high,,128
Fe3OsO7,mp-567291,Gd->Fe,a,88,0.30041446424522705,rejected_radiusmatch_high,,312
Co3OsO7,mp-567291,Gd->Co,a,88,0.30213351374207453,rejected_radiusmatch_high,,312
Ni3OsO7,mp-567291,Gd->Ni,a,88,0.30213351374207453,rejected_radiusmatch_high,,312
Mn3OsO7,mp-567291,Gd->Mn,a,88,0.30041446424522705,rejected_radiusmatch_high,,312
Cr3OsO7,mp-567291,Gd->Cr,a,88,0.30041446424522705,rejected_radiusmatch_high,,312
KFe(SeO4)2,mp-1212816,Gd->Fe,a,96,0.48285789692725345,rejected_radiusmatch_high,,208
KCo(SeO4)2,mp-1212816,Gd->Co,a,96,0.5208798942843623,rejected_radiusmatch_high,,208
KNi(SeO4)2,mp-1212816,Gd->Ni,a,96,0.5208798942843623,rejected_radiusmatch_high,,208
KMn(SeO4)2,mp-1212816,Gd->Mn,a,96,0.48285789692725345,rejected_radiusmatch_high,,208
KCr(SeO4)2,mp-1212816,Gd->Cr,a,96,0.48285789692725345,rejected_radiusmatch_high,,208
Ti3Fe29B2,mp-1223079,Nd->Fe,d,14,0.26183300829639505,rejected_radiusmatch_high,,110
V3Fe29B2,mp-1220671,Nd->Fe,d,14,0.2591573208663475,rejected_radiusmatch_high,,126
Fe19C,mp-1224658,Ho->Fe,b,2,0.18871014644535522,rejected_radiusmatch_high,,4
Fe17Co2C,mp-1224658,Ho->Co,b,2,0.21770307684646134,rejected_radiusmatch_high,,4
Fe17Ni2C,mp-1224658,Ho->Ni,b,2,0.21770307684646134,rejected_radiusmatch_high,,4
Mn2Fe17C,mp-1224658,Ho->Mn,b,2,0.18871014644535522,rejected_radiusmatch_high,,4
Cr2Fe17C,mp-1224658,Ho->Cr,b,2,0.18871014644535522,rejected_radiusmatch_high,,4
Mn3O5,mp-542392,Eu->Mn,g,8,0.31429506126159684,rejected_radiusmatch_high,,40
Fe9B7,mp-680207,Gd->Fe,d,16,0.28922134792748266,rejected_radiusmatch_high,,192
LiFe2Ge3,mp-637249,Eu->Fe,g,24,0.29499815017818265,rejected_radiusmatch_high,,124
LiCo2Ge3,mp-637249,Eu->Co,g,24,0.3199019607585322,rejected_radiusmatch_high,,124
LiNi2Ge3,mp-637249,Eu->Ni,g,24,0.3199019607585322,rejected_radiusmatch_high,,124
LiMn2Ge3,mp-637249,Eu->Mn,g,24,0.29499815017818265,rejected_radiusmatch_high,,124
LiCr2Ge3,mp-637249,Eu->Cr,g,24,0.29499815017818265,rejected_radiusmatch_high,,124
AlFe,mp-1189619,Eu->Fe,e,12,0.32749937464049467,rejected_radiusmatch_high,,84
AlCo,mp-1189619,Eu->Co,e,12,0.3530282087681964,rejected_radiusmatch_high,,84
AlNi,mp-1189619,Eu->Ni,e,12,0.3530282087681964,rejected_radiusmatch_high,,84
MnAl,mp-1189619,Eu->Mn,e,12,0.32749937464049467,rejected_radiusmatch_high,,84
AlCr,mp-1189619,Eu->Cr,e,12,0.32749937464049467,rejected_radiusmatch_high,,84
FeN3O13,mp-1197736,Ce->Fe,c,136,0.402219372769955,rejected_radiusmatch_high,,256
CoN3O13,mp-1197736,Ce->Co,c,136,0.38727485708920395,rejected_radiusmatch_high,,256
NiN3O13,mp-1197736,Ce->Ni,c,136,0.38727485708920395,rejected_radiusmatch_high,,256
MnN3O13,mp-1197736,Ce->Mn,c,136,0.402219372769955,rejected_radiusmatch_high,,256
CrN3O13,mp-1197736,Ce->Cr,c,136,0.402219372769955,rejected_radiusmatch_high,,256
FeI2,mp-570799,Eu->Fe,c,24,0.2222362584016069,rejected_radiusmatch_high,,112
CoI2,mp-570799,Eu->Co,c,24,0.24445873582709057,rejected_radiusmatch_high,,112
NiI2,mp-570799,Eu->Ni,c,24,0.24445873582709057,rejected_radiusmatch_high,,112
MnI2,mp-570799,Eu->Mn,c,24,0.2222362584016069,rejected_radiusmatch_high,,112
CrI2,mp-570799,Eu->Cr,c,24,0.2222362584016069,rejected_radiusmatch_high,,112
Na5FeO4,mp-780173,Gd->Fe,c,80,0.3211113594068075,rejected_radiusmatch_high,,304
Na5CoO4,mp-780173,Gd->Co,c,80,0.31033534923866163,rejected_radiusmatch_high,,304
Na5NiO4,mp-780173,Gd->Ni,c,80,0.31033534923866163,rejected_radiusmatch_high,,304
Na5MnO4,mp-780173,Gd->Mn,c,80,0.3211113594068075,rejected_radiusmatch_high,,304
Na5CrO4,mp-780173,Gd->Cr,c,80,0.3211113594068075,rejected_radiusmatch_high,,304
Fe2Cu,mp-1102243,Eu->Fe,c,12,0.13725131828326068,accepted_radiusmatch_ok,outputs/wyckoff_from_candidates_radius_mismatch_recheck\Fe2Cu__from_mp-1102243__EutoFe__radiusmatch_ok.cif,32
Co2Cu,mp-1102243,Eu->Co,c,12,0.15831152788109878,rejected_radiusmatch_high,,32
CuNi2,mp-1102243,Eu->Ni,c,12,0.15831152788109878,rejected_radiusmatch_high,,32
Mn2Cu,mp-1102243,Eu->Mn,c,12,0.13725131828326068,accepted_radiusmatch_ok,outputs/wyckoff_from_candidates_radius_mismatch_recheck\Mn2Cu__from_mp-1102243__EutoMn__radiusmatch_ok.cif,32
Cr2Cu,mp-1102243,Eu->Cr,c,12,0.13725131828326068,accepted_radiusmatch_ok,outputs/wyckoff_from_candidates_radius_mismatch_recheck\Cr2Cu__from_mp-1102243__EutoCr__radiusmatch_ok.cif,32
InFe2,mp-1095519,Eu->Fe,c,12,0.17563359190310635,rejected_radiusmatch_high,,76
InCo2,mp-1095519,Eu->Co,c,12,0.19590313659109085,rejected_radiusmatch_high,,76
InNi2,mp-1095519,Eu->Ni,c,12,0.19590313659109085,rejected_radiusmatch_high,,76
Mn2In,mp-1095519,Eu->Mn,c,12,0.17563359190310635,rejected_radiusmatch_high,,76
Cr2In,mp-1095519,Eu->Cr,c,12,0.17563359190310635,rejected_radiusmatch_high,,76
Fe2Ge,mp-1095642,Eu->Fe,c,12,0.2540217996958728,rejected_radiusmatch_high,,56
Co2Ge,mp-1095642,Eu->Co,c,12,0.27813760353617795,rejected_radiusmatch_high,,56
Ni2Ge,mp-1095642,Eu->Ni,c,12,0.27813760353617795,rejected_radiusmatch_high,,56
Mn2Ge,mp-1095642,Eu->Mn,c,12,0.2540217996958728,rejected_radiusmatch_high,,56
Cr2Ge,mp-1095642,Eu->Cr,c,12,0.2540217996958728,rejected_radiusmatch_high,,56
Fe2Si,mp-1102477,Eu->Fe,c,12,0.31950562975600255,rejected_radiusmatch_high,,56
Co2Si,mp-1102477,Eu->Co,c,12,0.34643431607755354,rejected_radiusmatch_high,,56
SiNi2,mp-1102477,Eu->Ni,c,12,0.34643431607755354,rejected_radiusmatch_high,,56
Mn2Si,mp-1102477,Eu->Mn,c,12,0.31950562975600255,rejected_radiusmatch_high,,56
Cr2Si,mp-1102477,Eu->Cr,c,12,0.31950562975600255,rejected_radiusmatch_high,,56
Fe2Sn,mp-1213070,Eu->Fe,c,12,0.33036165248183036,rejected_radiusmatch_high,,88
Co2Sn,mp-1213070,Eu->Co,c,12,0.35411811056186293,rejected_radiusmatch_high,,88
Ni2Sn,mp-1213070,Eu->Ni,c,12,0.35411811056186293,rejected_radiusmatch_high,,88
Mn2Sn,mp-1213070,Eu->Mn,c,12,0.33036165248183036,rejected_radiusmatch_high,,88
Cr2Sn,mp-1213070,Eu->Cr,c,12,0.33036165248183036,rejected_radiusmatch_high,,88
Mg5Fe3Ge5,mp-1201532,Eu->Fe,c,52,0.30553838604279077,rejected_radiusmatch_high,,284
Mg5Co3Ge5,mp-1201532,Eu->Co,c,52,0.33064489346669046,rejected_radiusmatch_high,,284
Mg5Ni3Ge5,mp-1201532,Eu->Ni,c,52,0.33064489346669046,rejected_radiusmatch_high,,284
Mg5Mn3Ge5,mp-1201532,Eu->Mn,c,52,0.30553838604279077,rejected_radiusmatch_high,,284
Mg5Cr3Ge5,mp-1201532,Eu->Cr,c,52,0.30553838604279077,rejected_radiusmatch_high,,284
Mg5Fe3Si5,mp-1199980,Eu->Fe,c,52,0.3514757021653205,rejected_radiusmatch_high,,260
Mg5Co3Si5,mp-1199980,Eu->Co,c,52,0.3790568389442045,rejected_radiusmatch_high,,260
Mg5Si5Ni3,mp-1199980,Eu->Ni,c,52,0.3790568389442045,rejected_radiusmatch_high,,260
Mg5Mn3Si5,mp-1199980,Eu->Mn,c,52,0.3514757021653205,rejected_radiusmatch_high,,260
Mg5Cr3Si5,mp-1199980,Eu->Cr,c,52,0.3514757021653205,rejected_radiusmatch_high,,260
Fe3Au,mp-1189094,Eu->Fe,e,16,0.1461055264885199,accepted_radiusmatch_ok,outputs/wyckoff_from_candidates_radius_mismatch_recheck\Fe3Au__from_mp-1189094__EutoFe__radiusmatch_ok.cif,48
Co3Au,mp-1189094,Eu->Co,e,16,0.1673297029049739,rejected_radiusmatch_high,,48
Ni3Au,mp-1189094,Eu->Ni,e,16,0.1673297029049739,rejected_radiusmatch_high,,48
Mn3Au,mp-1189094,Eu->Mn,e,16,0.1461055264885199,accepted_radiusmatch_ok,outputs/wyckoff_from_candidates_radius_mismatch_recheck\Mn3Au__from_mp-1189094__EutoMn__radiusmatch_ok.cif,48
Cr3Au,mp-1189094,Eu->Cr,e,16,0.1461055264885199,accepted_radiusmatch_ok,outputs/wyckoff_from_candidates_radius_mismatch_recheck\Cr3Au__from_mp-1189094__EutoCr__radiusmatch_ok.cif,48
In(FeP)3,mp-1193614,Eu->Fe,c,28,0.3104373410629735,rejected_radiusmatch_high,,92
In(CoP)3,mp-1193614,Eu->Co,c,28,0.33831898661750476,rejected_radiusmatch_high,,92
In(NiP)3,mp-1193614,Eu->Ni,c,28,0.33831898661750476,rejected_radiusmatch_high,,92
Mn3InP3,mp-1193614,Eu->Mn,c,28,0.3104373410629735,rejected_radiusmatch_high,,92
Cr3InP3,mp-1193614,Eu->Cr,c,28,0.3104373410629735,rejected_radiusmatch_high,,92
Ni3O4,mp-1182716,Eu->Ni,c,28,0.35059564182418734,rejected_radiusmatch_high,,136
Mn3O4,mp-1182716,Eu->Mn,c,28,0.3168307507785828,rejected_radiusmatch_high,,136
Cr3O4,mp-1182716,Eu->Cr,c,28,0.3168307507785828,rejected_radiusmatch_high,,136
Fe3Rh,mp-1189512,Eu->Fe,d,8,0.12573317413575227,accepted_radiusmatch_ok,outputs/wyckoff_from_candidates_radius_mismatch_recheck\Fe3Rh__from_mp-1189512__EutoFe__radiusmatch_ok.cif,16
Co3Rh,mp-1189512,Eu->Co,d,8,0.14658008476789577,accepted_radiusmatch_ok,outputs/wyckoff_from_candidates_radius_mismatch_recheck\Co3Rh__from_mp-1189512__EutoCo__radiusmatch_ok.cif,16
Ni3Rh,mp-1189512,Eu->Ni,d,8,0.14658008476789577,accepted_radiusmatch_ok,outputs/wyckoff_from_candidates_radius_mismatch_recheck\Ni3Rh__from_mp-1189512__EutoNi__radiusmatch_ok.cif,16
Mn3Rh,mp-1189512,Eu->Mn,d,8,0.12573317413575227,accepted_radiusmatch_ok,outputs/wyckoff_from_candidates_radius_mismatch_recheck\Mn3Rh__from_mp-1189512__EutoMn__radiusmatch_ok.cif,16
Cr3Rh,mp-1189512,Eu->Cr,d,8,0.12573317413575227,accepted_radiusmatch_ok,outputs/wyckoff_from_candidates_radius_mismatch_recheck\Cr3Rh__from_mp-1189512__EutoCr__radiusmatch_ok.cif,16
Fe5Pt4,mp-1196458,Eu->Fe,d,24,0.25159694635619057,rejected_radiusmatch_high,,160
Co5Pt4,mp-1196458,Eu->Co,d,24,0.27477466758500885,rejected_radiusmatch_high,,160
Ni5Pt4,mp-1196458,Eu->Ni,d,24,0.27477466758500885,rejected_radiusmatch_high,,160
Mn5Pt4,mp-1196458,Eu->Mn,d,24,0.25159694635619057,rejected_radiusmatch_high,,160
Cr5Pt4,mp-1196458,Eu->Cr,d,24,0.25159694635619057,rejected_radiusmatch_high,,160
Fe3AsO7,mp-768254,Gd->Fe,c,12,0.2585345910757142,rejected_radiusmatch_high,,56
Co3AsO7,mp-768254,Gd->Co,c,12,0.29080470879560416,rejected_radiusmatch_high,,56
Ni3AsO7,mp-768254,Gd->Ni,c,12,0.29080470879560416,rejected_radiusmatch_high,,56
Mn3AsO7,mp-768254,Gd->Mn,c,12,0.2585345910757142,rejected_radiusmatch_high,,56
Cr3AsO7,mp-768254,Gd->Cr,c,12,0.2585345910757142,rejected_radiusmatch_high,,56
Fe4C2Cl3,mp-1203227,Gd->Fe,c,36,0.2779648528405392,rejected_radiusmatch_high,,144
Co4C2Cl3,mp-1203227,Gd->Co,c,36,0.3091347273000644,rejected_radiusmatch_high,,144
Ni4C2Cl3,mp-1203227,Gd->Ni,c,36,0.3091347273000644,rejected_radiusmatch_high,,144
Mn4C2Cl3,mp-1203227,Gd->Mn,c,36,0.2779648528405392,rejected_radiusmatch_high,,144
Cr4C2Cl3,mp-1203227,Gd->Cr,c,36,0.2779648528405392,rejected_radiusmatch_high,,144
Fe5Ge4,mp-1198083,Gd->Fe,d,24,0.2326438848003924,rejected_radiusmatch_high,,144
Co5Ge4,mp-1198083,Gd->Co,d,24,0.2563485748927075,rejected_radiusmatch_high,,144
Ni5Ge4,mp-1198083,Gd->Ni,d,24,0.2563485748927075,rejected_radiusmatch_high,,144
Mn5Ge4,mp-1198083,Gd->Mn,d,24,0.2326438848003924,rejected_radiusmatch_high,,144
Cr5Ge4,mp-1198083,Gd->Cr,d,24,0.2326438848003924,rejected_radiusmatch_high,,144
Mn5FeGe3,mp-623463,Tb->Fe,c,36,0.21541795161510172,rejected_radiusmatch_high,,232
Mn5CoGe3,mp-623463,Tb->Co,c,36,0.23879137376154588,rejected_radiusmatch_high,,232
Mn5NiGe3,mp-623463,Tb->Ni,c,36,0.23879137376154588,rejected_radiusmatch_high,,232
Mn5CrGe3,mp-623463,Tb->Cr,c,36,0.21541795161510172,rejected_radiusmatch_high,,232
Fe3Ge5,mp-1182832,Eu->Fe,e,4,2.125087391607527,rejected_radiusmatch_high,,40
Co3Ge5,mp-1182832,Eu->Co,e,4,2.185185226061518,rejected_radiusmatch_high,,40
Ni3Ge5,mp-1182832,Eu->Ni,e,4,2.185185226061518,rejected_radiusmatch_high,,40
Mn3Ge5,mp-1182832,Eu->Mn,e,4,2.125087391607527,rejected_radiusmatch_high,,40
Cr3Ge5,mp-1182832,Eu->Cr,e,4,2.125087391607527,rejected_radiusmatch_high,,40
Ga9Fe5,mp-1193741,Eu->Fe,f,24,0.26438476591617643,rejected_radiusmatch_high,,156
Ga9Co5,mp-1193741,Eu->Co,f,24,0.2882410822542174,rejected_radiusmatch_high,,156
Ga9Ni5,mp-1193741,Eu->Ni,f,24,0.2882410822542174,rejected_radiusmatch_high,,156
Mn5Ga9,mp-1193741,Eu->Mn,f,24,0.26438476591617643,rejected_radiusmatch_high,,156
Cr5Ga9,mp-1193741,Eu->Cr,f,24,0.26438476591617643,rejected_radiusmatch_high,,156
Li6Fe5Sn9,mp-1196198,Eu->Fe,c,8,0.3182230563152247,rejected_radiusmatch_high,,78
Li6Co5Sn9,mp-1196198,Eu->Co,c,8,0.341762753749425,rejected_radiusmatch_high,,78
Li6Ni5Sn9,mp-1196198,Eu->Ni,c,8,0.341762753749425,rejected_radiusmatch_high,,78
Li6Mn5Sn9,mp-1196198,Eu->Mn,c,8,0.3182230563152247,rejected_radiusmatch_high,,78
Li6Cr5Sn9,mp-1196198,Eu->Cr,c,8,0.3182230563152247,rejected_radiusmatch_high,,78
